<ApplicationDef>
	<Application>
		<Name>Adobe Remote Update Manager</Name>
		<Description>This tool allows you to remotely invoke the updater on a client machine and manage your client system installation updates. You can specify a specific product or update all products at the same time.
This application determines it's install state by the C:\Windows\Temp\RemoteUpdateManger.log file. If the log file is older than 7 days old, the application will show as uninstalled. When deployed, this app will have the following behavior:
Available: The application will show in software as available to install every week, after it is ran, it will show installed for a week, then show as uninstalled again.
Required: The application will run 7 days after the last run.
Do not expect this application to have a valid installation reports.</Description>
		<Publisher>Adobe</Publisher>
		<AutoInstall>True</AutoInstall>
		<UserDocumentation>https://www.adobe.com/go/learn_rum_help_en</UserDocumentation>
		<Icon>AdobeCC.ico</Icon>
	</Application>
	<Downloads>
		<Download DeploymentType="DeploymentType1">
			<PrefetchScript></PrefetchScript>
			<URL>https://deploymenttools-prod.s3.amazonaws.com/RUM/RemoteUpdateManager.zip</URL>
			<DownloadFileName>RemoteUpdateManager.zip</DownloadFileName>
			<Version></Version>
			<FullVersion></FullVersion>
			<DownloadVersionCheck>Expand-Archive $DownloadFile -DestinationPath $TempDir -ErrorAction SilentlyContinue
            $Version = (Get-item $TempDir\RemoteUpdateManager.exe).VersionInfo.FileVersion</DownloadVersionCheck>
			<ExtraCopyFunctions>Copy-Item $TempDir\RemoteUpdateManager.exe -Destination $DestinationPath -Force -EA SilentlyContinue</ExtraCopyFunctions>
		</Download>
	</Downloads>
	<DeploymentTypes>
		<DeploymentType Name="DeploymentType1">
			<DeploymentTypeName>Adobe Remote Update Manager</DeploymentTypeName>
			<InstallationType>Script</InstallationType>
			<CacheContent>False</CacheContent>
			<BranchCache>True</BranchCache>
			<ContentFallback>True</ContentFallback>
			<OnSlowNetwork>Download</OnSlowNetwork>
			<InstallProgram>RemoteUpdateManager.exe --action=install</InstallProgram>
            <UninstallCmd>cmd /c del `"C:\Windows\Temp\RemoteUpdateManager.log`"</UninstallCmd>
			<InstallationBehaviorType>InstallForSystem</InstallationBehaviorType>
			<LogonReqType>WhetherOrNotUserLoggedOn</LogonReqType>
			<UserInteractionMode>Hidden</UserInteractionMode>
			<EstRuntimeMins>15</EstRuntimeMins>
			<MaxRuntimeMins>120</MaxRuntimeMins>
			<RebootBehavior>BasedOnExitCode</RebootBehavior>
            <DetectionMethodType>CustomScript</DetectionMethodType>
            <ScriptLanguage>PowerShell</ScriptLanguage>
            <DetectionMethod>if ((Get-Item "$env:temp\remoteupdatemanager.log" -ErrorAction SilentlyContinue).LastWriteTime -gt (Get-Date).AddDays(-7)){Write-Output "RemoteUpdateManager was run in the last week"}</DetectionMethod>
		</DeploymentType>
	</DeploymentTypes>
	<Distribution>
		<DistributeContent>True</DistributeContent>
	</Distribution>
	<Deployment>
		<DeploySoftware>True</DeploySoftware>
	</Deployment>
</ApplicationDef>
