 <ApplicationDef>
	<Application>
		<Name>Bird Brain Robot Server</Name>
		<Description>Use to program over USB.  For use with Snap! and Scratch</Description>
		<Publisher>BirdBrain Technologies</Publisher>
		<AutoInstall>True</AutoInstall>
		<UserDocumentation>https://www.birdbraintechnologies.com/</UserDocumentation>
		<Icon>BirdBrainRobotServer.ico</Icon>
		<FolderPath></FolderPath>
	</Application>
	<Downloads>
		<Download DeploymentType="DeploymentType1">
			<PrefetchScript>[Net.ServicePointManager]::SecurityProtocol = [Net.SecurityProtocolType]::Tls12
            $URL = ((Invoke-WebRequest https://www.birdbraintechnologies.com/software/ -UseBasicParsing | Select -expand links | Where-Object href -like "*BirdBrainRobotServerInstaller.msi").href.ToString())</PrefetchScript>
			<URL></URL>
			<DownloadFileName>BirdBrainRobotServerInstaller.msi</DownloadFileName>
			<DownloadVersionCheck>$Version = ([String](Get-MSIInfo $DownloadFile -Property ProductVersion)).Trim()</DownloadVersionCheck>
			<Version></Version>
			<FullVersion></FullVersion>
			<AppRepoFolder></AppRepoFolder>
			<ExtraCopyFunctions></ExtraCopyFunctions>
		</Download>
	</Downloads>
	<DeploymentTypes>
		<DeploymentType Name="DeploymentType1">
			<DeploymentTypeName>Silently install BirdBrainRobotServer</DeploymentTypeName>
			<InstallationType>MSI</InstallationType>
			<Comments></Comments>
			<CacheContent>True</CacheContent>
			<BranchCache>True</BranchCache>
			<ContentFallback>True</ContentFallback>
			<OnSlowNetwork>Download</OnSlowNetwork>
			<InstallProgram></InstallProgram>
			<InstallationMSI>BirdBrainRobotServerInstaller.msi</InstallationMSI>
			<Force32bit>False</Force32bit>
			<InstallationBehaviorType>InstallForSystem</InstallationBehaviorType>
			<LogonReqType>WhetherOrNotUserLoggedOn</LogonReqType>
			<UserInteractionMode>Hidden</UserInteractionMode>
			<ReqUserInteraction>False</ReqUserInteraction>
			<EstRuntimeMins>5</EstRuntimeMins>
			<MaxRuntimeMins>15</MaxRuntimeMins>
			<RebootBehavior>BasedOnExitCode</RebootBehavior>
			<DetectionMethodType>Custom</DetectionMethodType>
			<ScriptLanguage></ScriptLanguage>
			<DetectionMethod>Custom</DetectionMethod>
			<CustomDetectionMethods>
				<DetectionClause>
					<DetectionClauseType>WindowsInstaller</DetectionClauseType>
					<ProductCode>{6C529BF8-22EB-49EA-A23A-99856A38F020}</ProductCode>
					<Existence>False</Existence>
					<ExpressionOperator>GreaterEquals</ExpressionOperator>
					<ExpectedValue>$Version</ExpectedValue>
					<PropertyType>ProductVersion</PropertyType>
					<Value>True</Value>
				</DetectionClause>
			</CustomDetectionMethods>
			<InstallBehavior>
				<InstallBehaviorProcess DisplayName="Brackets">
					<InstallBehaviorExe>Brackets.exe</InstallBehaviorExe>
				</InstallBehaviorProcess>
			</InstallBehavior>
		</DeploymentType>
	</DeploymentTypes>
	<Distribution>
		<DistributeContent>True</DistributeContent>
	</Distribution>
	<Supersedence>
		<Supersedence>True</Supersedence>
		<Uninstall>False</Uninstall>
	</Supersedence>
	<Deployment>
		<DeploySoftware>False</DeploySoftware>
		<DeploymentCollection></DeploymentCollection>
	</Deployment>
</ApplicationDef>