<ApplicationDef>
	<Application>
		<Name>Blender</Name>
		<Description>Blender is the free and open source 3D creation suite. It supports the entirety of the 3D pipeline-modeling, rigging, animation, simulation, rendering, compositing and motion tracking, video editing and 2D animation pipeline.</Description>
		<Publisher>Blender Foundation</Publisher>
		<AutoInstall>True</AutoInstall>
		<UserDocumentation>https://www.blender.org/</UserDocumentation>
		<Icon>Blender.png</Icon>
		<FolderPath></FolderPath>
	</Application>
	<Downloads>
		<Download DeploymentType="DeploymentType1">
			<PrefetchScript>$URL = (Invoke-WebRequest -Uri (Invoke-WebRequest https://www.blender.org/download/ -UseBasicParsing | Select -expand links | Where-Object href -like "*windows64.msi/").href[0] | select -ExpandProperty links | ? href -like "*.msi").href.ToString()</PrefetchScript>
			<URL></URL>
			<DownloadFileName>Blender.msi</DownloadFileName>
			<DownloadVersionCheck>$Version = ([String](Get-MSIInfo -Path $DownloadFile -Property ProductVersion)).TrimStart().TrimEnd()</DownloadVersionCheck>
			<Version></Version>
			<FullVersion></FullVersion>
			<AppRepoFolder></AppRepoFolder>
			<ExtraCopyFunctions></ExtraCopyFunctions>
		</Download>
	</Downloads>
	<DeploymentTypes>
		<DeploymentType Name="DeploymentType1">
			<DeploymentTypeName>Silently install Blender</DeploymentTypeName>
			<InstallationType>MSI</InstallationType>
			<Comments></Comments>
			<CacheContent>True</CacheContent>
			<BranchCache>True</BranchCache>
			<ContentFallback>True</ContentFallback>
			<OnSlowNetwork>Download</OnSlowNetwork>
			<InstallProgram>Blender.msi /qn /norestart ALLUSERS=2</InstallProgram>
			<InstallationMSI>Blender.msi</InstallationMSI>
			<UninstallCmd></UninstallCmd>
			<Force32bit>False</Force32bit>
			<InstallationBehaviorType>InstallForSystem</InstallationBehaviorType>
			<LogonReqType>WhetherOrNotUserLoggedOn</LogonReqType>
			<UserInteractionMode>Hidden</UserInteractionMode>
			<ReqUserInteraction>False</ReqUserInteraction>
			<EstRuntimeMins>5</EstRuntimeMins>
			<MaxRuntimeMins>15</MaxRuntimeMins>
			<RebootBehavior>BasedOnExitCode</RebootBehavior>
			<DetectionMethodType>MSI</DetectionMethodType>
			<InstallBehavior>
				<InstallBehaviorProcess DisplayName="Blender">
					<InstallBehaviorExe>Blender.exe</InstallBehaviorExe>
				</InstallBehaviorProcess>
			</InstallBehavior>
		</DeploymentType>
	</DeploymentTypes>
	<Distribution>
		<DistributeContent>True</DistributeContent>
	</Distribution>
	<Supersedence>
		<Supersedence>True</Supersedence>
		<Uninstall>True</Uninstall>
	</Supersedence>
	<Deployment>
		<DeploySoftware>True</DeploySoftware>
	</Deployment>
</ApplicationDef>
