<ApplicationDef>
	<Application>
		<Name>Adobe Flash Player PPAPI</Name>
		<Description>Adobe Flash Player is the standard for delivering high-impact, rich Web content. Designs, animation, and application user interfaces are deployed immediately across all browsers and platforms, attracting and engaging users with a rich Web experience.</Description>
		<Publisher>Adobe</Publisher>
		<AutoInstall>True</AutoInstall>
		<UserDocumentation>http://www.adobe.com/software/flash/about/</UserDocumentation>
		<Icon>Flash.ico</Icon>
	</Application>
	<Downloads>
		<Download DeploymentType="DeploymentType1">
			<PrefetchScript>$DownloadType = "ppapi"
$SCUPLink = (Invoke-WebRequest https://www.adobe.com/licensing/distribution/strategies/sms.html?adobedist=1517592753_653a9f657899c9d37a12dc631a23cadb | Select-Object -ExpandProperty Links | where -Property OuterText -Like "*AdobeFlashPlayerCatalog_SCUP.cab*").href
#Download the SCUP
Invoke-WebRequest $SCUPLink -OutFile $TempDir\AdobeFlashScup.cab
Expand $TempDir\AdobeFlashScup.cab -F:* $TempDir\AdobeFlashScup.xml
[xml]$AdobeXML = Get-Content $TempDir\AdobeFlashScup.xml

#$AdobeXML.SystemsManagementCatalog.SoftwareDistributionPackage.LastChild.Or
$LatestFlash = ($AdobeXML.SystemsManagementCatalog.SoftwareDistributionPackage.LastChild.OriginFile | where -Property FileName -like "install_flash_player*$DownloadType.msi" | Sort-Object Modified -Descending)[0]
$URL = $LatestFlash.OriginUri
$Version = ($LatestFlash.ParentNode.ParentNode.LocalizedProperties.Title).split(" ")[-1]
$ProductCode = $LatestFlash.ParentNode.MsiInstallerData.ProductCode</PrefetchScript>
			<URL></URL>
			<DownloadFileName>FlashPlayerPPAPI.msi</DownloadFileName>
			<Version></Version>
			<FullVersion></FullVersion>
			<DownloadVersionCheck></DownloadVersionCheck>
			<ExtraCopyFunctions></ExtraCopyFunctions>
		</Download>
	</Downloads>
	<DeploymentTypes>
		<DeploymentType Name="DeploymentType1">
			<DeploymentTypeName>FlashPlayer Silent Install</DeploymentTypeName>
			<InstallationType>MSI</InstallationType>
			<CacheContent>False</CacheContent>
			<BranchCache>True</BranchCache>
			<ContentFallback>True</ContentFallback>
			<OnSlowNetwork>Download</OnSlowNetwork>
			<InstallProgram></InstallProgram>
			<InstallationMSI>FlashPlayerPPAPI.msi</InstallationMSI>
			<UninstallCmd></UninstallCmd>
			<InstallationBehaviorType>InstallForSystem</InstallationBehaviorType>
			<LogonReqType>WhetherOrNotUserLoggedOn</LogonReqType>
			<UserInteractionMode>Hidden</UserInteractionMode>
			<EstRuntimeMins>15</EstRuntimeMins>
			<MaxRuntimeMins>60</MaxRuntimeMins>
			<RebootBehavior>BasedOnExitCode</RebootBehavior>
			<DetectionMethodType>MSI</DetectionMethodType>
		</DeploymentType>
	</DeploymentTypes>
	<Distribution>
		<DistributeContent>True</DistributeContent>
		<DistributeToGroup></DistributeToGroup>
	</Distribution>
	<Deployment>
		<DeploySoftware>True</DeploySoftware>
		<DeploymentCollection></DeploymentCollection>
	</Deployment>
</ApplicationDef>