<ApplicationDef>
	<Application>
		<Name>Google Chrome</Name>
		<Description>Google Chrome is a freeware web browser developed by Google.</Description>
		<Publisher>Google Inc.</Publisher>
		<AutoInstall>True</AutoInstall>
		<UserDocumentation>https://www.google.com/chrome/</UserDocumentation>
		<Icon>Google Chrome.ico</Icon>
	</Application>
	<Downloads>
		<Download DeploymentType="DeploymentType1">
			<PrefetchScript>$Download.Version = ((Invoke-RestMethod https://omahaproxy.appspot.com/all.json) | ? os -eq 'win' | select -expand versions | ? channel -eq 'stable' | select -expand version) -as [string]</PrefetchScript>
			<URL>https://dl.google.com/edgedl/chrome/install/GoogleChromeStandaloneEnterprise64.msi</URL>
			<DownloadFileName>googlechromestandaloneenterprise64.msi</DownloadFileName>
			<DownloadVersionCheck>#Script to check version
			$Output = Get-ExtensionAttribute -FullName $Global:TempDir\$DownloadFileName -ExtensionAttribute Comments
			$Version = ($($Output.Comments).Split(" "))[0]</DownloadVersionCheck>
			<Version></Version>
			<FullVersion></FullVersion>
			<ExtraCopyFunctions></ExtraCopyFunctions>
		</Download>
		<Download DeploymentType="DeploymentType2">
			<PrefetchScript>$Download.Version = ((Invoke-RestMethod https://omahaproxy.appspot.com/all.json) | ? os -eq 'win' | select -expand versions | ? channel -eq 'stable' | select -expand version) -as [string]</PrefetchScript>
			<URL>https://dl.google.com/edgedl/chrome/install/GoogleChromeStandaloneEnterprise.msi</URL>
			<DownloadFileName>googlechromestandaloneenterprise.msi</DownloadFileName>
			<DownloadVersionCheck>#Script to check version
			$Output = Get-ExtensionAttribute -FullName $Global:TempDir\$DownloadFileName -ExtensionAttribute Comments
			$Version = ($($Output.Comments).Split(" "))[0]</DownloadVersionCheck>
			<Version></Version>
			<FullVersion></FullVersion>
			<ExtraCopyFunctions></ExtraCopyFunctions>
		</Download>
	</Downloads>
	<DeploymentTypes>
		<DeploymentType Name="DeploymentType1">
			<DeploymentTypeName>Google Chrome Silent Install x64</DeploymentTypeName>
			<InstallationType>MSI</InstallationType>
			<Comments>Silent Installer for Google Chrome</Comments>
			<Language>English</Language>
			<CacheContent>False</CacheContent>
			<BranchCache>True</BranchCache>
			<ContentFallback>True</ContentFallback>
			<OnSlowNetwork>Download</OnSlowNetwork>
			<InstallationMSI>googlechromestandaloneenterprise64.msi</InstallationMSI>
			<InstallProgram>msiexec.exe /i googlechromestandaloneenterprise64.msi /l*v install.log</InstallProgram>
			<UninstallCmd>powershell.exe -noprofile -noninteractive -command ""`&amp; {exit ((Start-Process msiexec -ArgumentList /x,(gp HKLM:\SOFTWARE\Microsoft\Windows\CurrentVersion\Uninstall\*,HKLM:\SOFTWARE\WOW6432Node\Microsoft\Windows\CurrentVersion\Uninstall\* -ea si | ? DisplayName -eq 'Google Chrome' | select -ExpandProperty PSChildName),'/norestart','/qn','/l*v uninstall.log' -Wait -PassThru).ExitCode)}""</UninstallCmd>
			<UninstallOption>NoneRequired</UninstallOption>
			<Force32bit>False</Force32bit>
			<InstallationBehaviorType>InstallForSystem</InstallationBehaviorType>
			<LogonReqType>WhetherOrNotUserLoggedOn</LogonReqType>
			<UserInteractionMode>Hidden</UserInteractionMode>
			<ReqUserInteraction>False</ReqUserInteraction>
			<EstRuntimeMins>15</EstRuntimeMins>
			<MaxRuntimeMins>30</MaxRuntimeMins>
			<RebootBehavior>BasedOnExitCode</RebootBehavior>
			<DetectionMethodType>Custom</DetectionMethodType>
			<CustomDetectionMethods>
				<DetectionClause>
					<DetectionClauseType>File</DetectionClauseType>
					<Name>chrome.exe</Name>
					<Path>%ProgramFiles%\Google\Chrome\Application\</Path>
					<PropertyType>Version</PropertyType>
					<ExpectedValue>$Version</ExpectedValue>
					<ExpressionOperator>GreaterEquals</ExpressionOperator>
					<Value>True</Value>
					<Is64Bit>True</Is64Bit>
				</DetectionClause>
				<DetectionClauseExpression>
					<DetectionClauseConnector>
						<ConnectorClause>1</ConnectorClause>
						<ConnectorClauseConnector>OR</ConnectorClauseConnector>
					</DetectionClauseConnector>
				</DetectionClauseExpression>
				<DetectionClause>
					<!-- 64-bit chrome will be in ProgramFiles(x86) if upgraded from <v85 -->
					<DetectionClauseType>File</DetectionClauseType>
					<Name>chrome.exe</Name>
					<Path>%ProgramFiles(x86)%\Google\Chrome\Application\</Path>
					<PropertyType>Version</PropertyType>
					<ExpectedValue>$Version</ExpectedValue>
					<ExpressionOperator>GreaterEquals</ExpressionOperator>
					<Value>True</Value>
					<Is64Bit>True</Is64Bit>
				</DetectionClause>
			</CustomDetectionMethods>
			<InstallBehavior>
				<InstallBehaviorProcess DisplayName="Google Chrome">
					<InstallBehaviorExe>chrome.exe</InstallBehaviorExe>
				</InstallBehaviorProcess>
			</InstallBehavior>
			<RequirementsRules>
				<RequirementsRule>
					<RequirementsRuleType>Existential</RequirementsRuleType>
					<RequirementsRuleValue>
						<RuleValue>True</RuleValue>
					</RequirementsRuleValue>
					<RequirementsRuleGlobalCondition>AutoPackage - OSArchitecture x64</RequirementsRuleGlobalCondition>
				</RequirementsRule>
			</RequirementsRules>
		</DeploymentType>
		<DeploymentType Name="DeploymentType2">
			<DeploymentTypeName>Google Chrome Silent Install x86</DeploymentTypeName>
			<InstallationType>MSI</InstallationType>
			<Comments>Silent Installer for Google Chrome</Comments>
			<Language>English</Language>
			<CacheContent>False</CacheContent>
			<BranchCache>True</BranchCache>
			<ContentFallback>True</ContentFallback>
			<OnSlowNetwork>Download</OnSlowNetwork>
			<InstallationMSI>googlechromestandaloneenterprise.msi</InstallationMSI>
			<InstallProgram>msiexec.exe /i googlechromestandaloneenterprise.msi /l*v install.log</InstallProgram>
			<UninstallCmd>powershell.exe -noprofile -noninteractive -command ""`&amp; {exit ((Start-Process msiexec -ArgumentList /x,(gp HKLM:\SOFTWARE\Microsoft\Windows\CurrentVersion\Uninstall\*,HKLM:\SOFTWARE\WOW6432Node\Microsoft\Windows\CurrentVersion\Uninstall\* -ea si | ? DisplayName -eq 'Google Chrome' | select -ExpandProperty PSChildName),'/norestart','/qn','/l*v uninstall.log' -Wait -PassThru).ExitCode)}""</UninstallCmd>
			<UninstallOption>NoneRequired</UninstallOption>
			<Force32bit>False</Force32bit>
			<InstallationBehaviorType>InstallForSystem</InstallationBehaviorType>
			<LogonReqType>WhetherOrNotUserLoggedOn</LogonReqType>
			<UserInteractionMode>Hidden</UserInteractionMode>
			<ReqUserInteraction>False</ReqUserInteraction>
			<EstRuntimeMins>15</EstRuntimeMins>
			<MaxRuntimeMins>30</MaxRuntimeMins>
			<RebootBehavior>BasedOnExitCode</RebootBehavior>
			<DetectionMethodType>Custom</DetectionMethodType>
			<CustomDetectionMethods>
				<DetectionClause>
					<DetectionClauseType>File</DetectionClauseType>
					<Name>chrome.exe</Name>
					<Path>%ProgramFiles%\Google\Chrome\Application\</Path>
					<PropertyType>Version</PropertyType>
					<ExpectedValue>$Version</ExpectedValue>
					<ExpressionOperator>GreaterEquals</ExpressionOperator>
					<Value>True</Value>
					<Is64Bit>False</Is64Bit>
				</DetectionClause>
			</CustomDetectionMethods>
			<InstallBehavior>
				<InstallBehaviorProcess DisplayName="Google Chrome">
					<InstallBehaviorExe>chrome.exe</InstallBehaviorExe>
				</InstallBehaviorProcess>
			</InstallBehavior>
		</DeploymentType>
	</DeploymentTypes>
	<Distribution>
		<DistributeContent>True</DistributeContent>
	</Distribution>
	<Supersedence>
		<Supersedence>True</Supersedence>
		<Uninstall>False</Uninstall>
	</Supersedence>
	<Deployment>
		<DeploySoftware>True</DeploySoftware>
	</Deployment>
</ApplicationDef>
