<ApplicationDef>
	<Application>
		<Name>Google Hangouts Chat</Name>
		<Description>Google Hangouts is a communication software product developed by Google.</Description>
		<Publisher>Google Inc.</Publisher>
		<AutoInstall>False</AutoInstall>
		<UserDocumentation>https://support.google.com/hangoutschat/?hl=en</UserDocumentation>
		<Icon>Google_Hangouts_Chat_icon.png</Icon>
	</Application>
	<Downloads>
		<Download DeploymentType="DeploymentType1">
			<URL>https://dl.google.com/chat/latest/InstallHangoutsChat.msi</URL>
			<DownloadFileName>InstallHangoutsChat.msi</DownloadFileName>
			<DownloadVersionCheck>[String]$Version = ([String](Get-MSIInfo -Path $DownloadFile -Property ProductVersion)).TrimStart().TrimEnd()
			$Version = ($version.Split('.'))[0..1] -join "."</DownloadVersionCheck>
			<Version></Version>
			<FullVersion></FullVersion>
			<ExtraCopyFunctions></ExtraCopyFunctions>
		</Download>
	</Downloads>
	<DeploymentTypes>
		<DeploymentType Name="DeploymentType1">
			<DeploymentTypeName>Google Hangouts Chat Install</DeploymentTypeName>
			<InstallationType>MSI</InstallationType>
			<Comments>Silent Installer for Google Hangout Chats</Comments>
			<Language>English</Language>
			<CacheContent>False</CacheContent>
			<BranchCache>False</BranchCache>
			<ContentFallback>True</ContentFallback>
			<OnSlowNetwork>Download</OnSlowNetwork>
			<InstallProgram>InstallHangoutsChat.msi /qn /norestart</InstallProgram>
			<InstallationMSI>InstallHangoutsChat.msi</InstallationMSI>
			<UninstallCmd></UninstallCmd>
			<Force32bit>False</Force32bit>
			<InstallationBehaviorType>InstallForUser</InstallationBehaviorType>
			<LogonReqType>OnlyWhenUserLoggedOn</LogonReqType>
			<UserInteractionMode>Hidden</UserInteractionMode>
			<ReqUserInteraction>False</ReqUserInteraction>
			<EstRuntimeMins>15</EstRuntimeMins>
			<MaxRuntimeMins>30</MaxRuntimeMins>
			<RebootBehavior>BasedOnExitCode</RebootBehavior>
			<DetectionMethodType>MSI</DetectionMethodType>
		</DeploymentType>
	</DeploymentTypes>
	<Distribution>
		<DistributeContent>True</DistributeContent>
		<DistributeToGroup>All Distribution Points</DistributeToGroup>
	</Distribution>
	<Deployment>
		<DeploySoftware>False</DeploySoftware>
		<DeploymentCollection></DeploymentCollection>
	</Deployment>
</ApplicationDef>
