<ApplicationDef>
	<Application>
		<Name>iTunes</Name>
		<Description>iTunes is a media player, media library, Internet radio broadcaster, and mobile device management application developed by Apple Inc.</Description>
		<Publisher>Apple Inc.</Publisher>
		<AutoInstall>True</AutoInstall>
		<UserDocumentation>https://www.apple.com/itunes/download/</UserDocumentation>
		<Icon>iTunes.ico</Icon>
	</Application>
	<Downloads>
		<Download DeploymentType="DeploymentType1">
			<URL>https://www.apple.com/itunes/download/win64</URL>
			<DownloadFileName>iTunesSetup64.exe</DownloadFileName>
			<DownloadVersionCheck>&amp; $ScriptRoot\7za.exe x "$TempDir\iTunesSetup64.exe" -o"$TempDir\iTunesTempx64" -y
			$Version = (get-item $TempDir\iTunesSetup64.exe).VersionInfo.ProductVersion
			</DownloadVersionCheck>
			<FullVersion></FullVersion>
			<Version></Version>
			<AppRepoFolder>x64</AppRepoFolder>
			<ExtraCopyFunctions>Copy-Item $ScriptRoot\ExtraFiles\iTunes\* -Destination $DestinationPath -recurse -force
			Copy-Item $TempDir\iTunesTempx64\* -Destination $DestinationPath -Recurse -Force</ExtraCopyFunctions>
		</Download>
		<Download DeploymentType="DeploymentType2">
			<URL>https://www.apple.com/itunes/download/win32</URL>
			<DownloadFileName>iTunesSetup.exe</DownloadFileName>
			<DownloadVersionCheck>&amp; $ScriptRoot\7za.exe x "$TempDir\iTunesSetup.exe" -o"$TempDir\iTunesTempx86" -y
			$Version = (get-item $TempDir\iTunesSetup.exe).VersionInfo.ProductVersion
			</DownloadVersionCheck>
			<FullVersion></FullVersion>
			<Version></Version>
			<AppRepoFolder>x86</AppRepoFolder>
			<ExtraCopyFunctions>Copy-Item $ScriptRoot\ExtraFiles\iTunes\* -Destination $DestinationPath -recurse -force
			Copy-Item $TempDir\iTunesTempx86\* -Destination $DestinationPath -Recurse -Force</ExtraCopyFunctions>
		</Download>
	</Downloads>
	<DeploymentTypes>
		<DeploymentType Name="DeploymentType1">
			<DeploymentTypeName>iTunes x64 Silent Install</DeploymentTypeName>
			<InstallationType>MSI</InstallationType>
			<Comments>Silent Installer for iTunes 64-bit</Comments>
			<Language>English</Language>
			<CacheContent>False</CacheContent>
			<BranchCache>True</BranchCache>
			<ContentFallback>True</ContentFallback>
			<OnSlowNetwork>Download</OnSlowNetwork>
			<InstallProgram>powershell -executionpolicy bypass .\install.ps1</InstallProgram>
			<InstallationMSI>iTunes64.msi</InstallationMSI>
			<UninstallCmd></UninstallCmd>
			<Force32bit>False</Force32bit>
			<InstallationBehaviorType>InstallForSystem</InstallationBehaviorType>
			<LogonReqType>WhetherOrNotUserLoggedOn</LogonReqType>
			<UserInteractionMode>Hidden</UserInteractionMode>
			<ReqUserInteraction>False</ReqUserInteraction>
			<EstRuntimeMins>15</EstRuntimeMins>
			<MaxRuntimeMins>30</MaxRuntimeMins>
			<RebootBehavior>BasedOnExitCode</RebootBehavior>
			<DetectionMethodType>MSI</DetectionMethodType>
			<RequirementsRules>
				<RequirementsRule>
					<RequirementsRuleType>Existential</RequirementsRuleType>
					<RequirementsRuleValue>
						<RuleValue>True</RuleValue>
					</RequirementsRuleValue>
					<RequirementsRuleGlobalCondition>AutoPackage - OSArchitecture x64</RequirementsRuleGlobalCondition>
				</RequirementsRule>
			</RequirementsRules>
			<InstallBehavior>
				<InstallBehaviorProcess DisplayName="iTunes">
					<InstallBehaviorExe>iTunes.exe</InstallBehaviorExe>
				</InstallBehaviorProcess>
			</InstallBehavior>
		</DeploymentType>
		<DeploymentType Name="DeploymentType2">
			<DeploymentTypeName>iTunes x86 Silent Install</DeploymentTypeName>
			<InstallationType>MSI</InstallationType>
			<Comments>Silent Installer for iTunes 32-bit</Comments>
			<Language>English</Language>
			<CacheContent>False</CacheContent>
			<BranchCache>True</BranchCache>
			<ContentFallback>True</ContentFallback>
			<OnSlowNetwork>Download</OnSlowNetwork>
			<InstallProgram>powershell -executionpolicy bypass .\install.ps1</InstallProgram>
			<InstallationMSI>iTunes.msi</InstallationMSI>
			<UninstallCmd>powershell -executionpolicy bypass .\uninstall.ps1</UninstallCmd>
			<Force32bit>False</Force32bit>
			<InstallationBehaviorType>InstallForSystem</InstallationBehaviorType>
			<LogonReqType>WhetherOrNotUserLoggedOn</LogonReqType>
			<UserInteractionMode>Hidden</UserInteractionMode>
			<ReqUserInteraction>False</ReqUserInteraction>
			<EstRuntimeMins>15</EstRuntimeMins>
			<MaxRuntimeMins>30</MaxRuntimeMins>
			<RebootBehavior>BasedOnExitCode</RebootBehavior>
			<DetectionMethodType>MSI</DetectionMethodType>
			<InstallBehavior>
				<InstallBehaviorProcess DisplayName="iTunes">
					<InstallBehaviorExe>iTunes.exe</InstallBehaviorExe>
				</InstallBehaviorProcess>
			</InstallBehavior>
		</DeploymentType>
	</DeploymentTypes>
	<Distribution>
		<DistributeContent>True</DistributeContent>
	</Distribution>
	<Deployment>
		<DeploySoftware>True</DeploySoftware>
	</Deployment>
</ApplicationDef>