<ApplicationDef>
	<Application>
		<Name>PowerToys</Name>
		<Description>Windows system utilities to maximize productivity</Description>
		<Publisher>Microsoft</Publisher>
		<AutoInstall>False</AutoInstall>
		<UserDocumentation>https://github.com/microsoft/PowerToys/</UserDocumentation>
		<Icon>MicrosoftPowerToys.png</Icon>
	</Application>
	<Downloads>
		<Download DeploymentType="DeploymentType1">
			<PrefetchScript>$LinkPath = ((Invoke-WebRequest https://github.com/microsoft/PowerToys/releases/latest -UseBasicParsing)| Select-Object -ExpandProperty Links | Where-Object -Property href -Like "*PowerToysSetup-*-x64.exe").href
			$Download.Version = $LinkPath -replace '.*download/v' -replace '/PowerToysSetup.*$'
			$Version = $Download.Version
			$FullVersion = $Download.Version
			$URL = "https://github.com$LinkPath"</PrefetchScript>
			<URL></URL>
			<DownloadFileName>PowerToysSetup.exe</DownloadFileName>
			<Version></Version>
			<FullVersion></FullVersion>
			<DownloadVersionCheck></DownloadVersionCheck>
			<ExtraCopyFunctions>pushd $DestinationPath
			Start-Process .\PowerToysSetup.exe -ArgumentList '--extract_msi' -Wait
			Move-Item .\PowerToysBootstrappedInstaller*.msi PowerToysSetup.msi
			Remove-Item .\PowerToysSetup.exe
			popd</ExtraCopyFunctions>
		</Download>
		</Downloads>
	<DeploymentTypes>
		<DeploymentType Name="DeploymentType1">
			<DeploymentTypeName>PowerToys x64 msi</DeploymentTypeName>
			<InstallationType>Script</InstallationType>
			<Comments>Silent Installer for PowerToys</Comments>
			<Language>English</Language>
			<CacheContent>False</CacheContent>
			<BranchCache>True</BranchCache>
			<ContentFallback>True</ContentFallback>
			<OnSlowNetwork>Download</OnSlowNetwork>
			<InstallationMSI>PowerToysSetup.msi</InstallationMSI>
			<InstallProgram>msiexec.exe /i PowerToysSetup.msi /qn /norestart /l*v install.log</InstallProgram>
			<UninstallCmd>msiexec.exe /x PowerToysSetup.msi /q /qn /norestart /l*v uninstall.log</UninstallCmd>
			<Force32bit>False</Force32bit>
			<InstallationBehaviorType>InstallForSystem</InstallationBehaviorType>
			<LogonReqType>WhetherOrNotUserLoggedOn</LogonReqType>
			<UserInteractionMode>Hidden</UserInteractionMode>
			<ReqUserInteraction>False</ReqUserInteraction>
			<EstRuntimeMins>10</EstRuntimeMins>
			<MaxRuntimeMins>20</MaxRuntimeMins>
			<RebootBehavior>BasedOnExitCode</RebootBehavior>
			<DetectionMethodType>Custom</DetectionMethodType>
			<CustomDetectionMethods>
				<DetectionClause>
					<DetectionClauseType>File</DetectionClauseType>
					<Name>PowerToys.exe</Name>
					<Path>%ProgramFiles%\PowerToys</Path>
					<PropertyType>Version</PropertyType>
					<ExpectedValue>$Version</ExpectedValue>
					<ExpressionOperator>GreaterEquals</ExpressionOperator>
					<Value>True</Value>
				</DetectionClause>
			</CustomDetectionMethods>
			<RequirementsRules>
				<RequirementsRule>
					<RequirementsRuleType>Existential</RequirementsRuleType>
					<RequirementsRuleValue>
						<RuleValue>True</RuleValue>
					</RequirementsRuleValue>
					<RequirementsRuleGlobalCondition>AutoPackage - OSArchitecture x64</RequirementsRuleGlobalCondition>
				</RequirementsRule>
			</RequirementsRules>
		</DeploymentType>
	</DeploymentTypes>
	<Distribution>
		<DistributeContent>False</DistributeContent>
	</Distribution>
	<Supersedence>
		<Supersedence>True</Supersedence>
	</Supersedence>
	<Deployment>
		<DeploySoftware>False</DeploySoftware>
	</Deployment>
</ApplicationDef>
