<ApplicationDef>
	<Application>
		<Name>Microsoft Surface Drivers Recipe</Name>
		<Description>Starts the script to create recipes to package the drivers for the selected Microsoft Surface Devices. This will always return as up-to-date</Description>
		<Publisher>Andrew Jimenez</Publisher>
		<AutoInstall>True</AutoInstall>
		<UserDocumentation>https://github.com/asjimene/SCCM-Application-Packager</UserDocumentation>
		<Icon></Icon>
	</Application>
	<Downloads>
		<Download DeploymentType="DeploymentType1">
			<PrefetchScript>
			Add-LogContent "Updating Microsoft Surface Drivers Recipes";
			Invoke-Expression "&amp; `"$ScriptRoot\ExtraFiles\Scripts\CreateMicrosoftDriverRecipes.ps1`"";
            $Version = "SkipPackaging"
			</PrefetchScript>
			<URL>https://raw.githubusercontent.com/asjimene/SCCM-Application-Packager/master/README.md</URL>
			<DownloadFileName>README.MD</DownloadFileName>
			<DownloadVersionCheck>$Version = "SkipPackaging"</DownloadVersionCheck>
			<FullVersion></FullVersion>
			<Version></Version>
		</Download>
	</Downloads>
	<DeploymentTypes>
		<DeploymentType Name="DeploymentType1">
			<DeploymentTypeName>Microsoft Surface Drivers</DeploymentTypeName>
			<InstallationType>Script</InstallationType>
			<CacheContent>False</CacheContent>
			<BranchCache>True</BranchCache>
			<ContentFallback>True</ContentFallback>
			<OnSlowNetwork>Download</OnSlowNetwork>
			<InstallProgram>hostname.exe</InstallProgram>
			<UninstallCmd></UninstallCmd>
			<InstallationBehaviorType>InstallForSystem</InstallationBehaviorType>
			<LogonReqType>WhetherOrNotUserLoggedOn</LogonReqType>
			<UserInteractionMode>Hidden</UserInteractionMode>
			<EstRuntimeMins>15</EstRuntimeMins>
			<MaxRuntimeMins>60</MaxRuntimeMins>
			<RebootBehavior>BasedOnExitCode</RebootBehavior>
			<DetectionMethodType>CustomScript</DetectionMethodType>
			<ScriptLanguage>PowerShell</ScriptLanguage>
			<DetectionMethod>Write-Output 1</DetectionMethod>
		</DeploymentType>
	</DeploymentTypes>
	<Distribution>
		<DistributeContent>False</DistributeContent>
		<DistributeToGroup></DistributeToGroup>
	</Distribution>
	<Deployment>
		<DeploySoftware>False</DeploySoftware>
		<DeploymentCollection></DeploymentCollection>
	</Deployment>
</ApplicationDef>