<ApplicationDef>
	<Application>
		<Name>Opera Browser</Name>
		<Description>Opera is a secure, innovative browser used by millions around the world with a built-in ad blocker, free VPN, units converter, social messengers, battery saver and much more - all for your best browsing experience.</Description>
		<Publisher>Opera Software</Publisher>
		<AutoInstall>True</AutoInstall>
		<UserDocumentation>https://www.opera.com/</UserDocumentation>
		<Icon>Opera.ico</Icon>
	</Application>
	<Downloads>
		<Download DeploymentType="DeploymentType1">
			<PrefetchScript>$URL = "$(((Invoke-Webrequest -uri "https://www.opera.com/download/get/?partner=www&amp;opsys=Windows&amp;arch=x64").links | where outerText -eq "try again").href)"</PrefetchScript>
			<URL></URL>
			<DownloadFileName>Opera_x64.exe</DownloadFileName>
			<DownloadVersionCheck>&amp; $ScriptRoot\7za.exe x "$TempDir\Opera_x64.exe" -o"$TempDir\Opera_x64Temp" -y
			$Version = (get-item $TempDir\Opera_x64Temp\Opera.exe).VersionInfo.ProductVersion
			$FullVersion = (get-item $TempDir\Opera_x64Temp\Opera.exe).VersionInfo.ProductVersion
			</DownloadVersionCheck>
			<FullVersion></FullVersion>
			<Version></Version>
		</Download>
		<Download DeploymentType="DeploymentType2">
			<PrefetchScript>$URL = "$(((Invoke-Webrequest -uri "https://www.opera.com/download/get/?partner=www&amp;opsys=Windows&amp;arch=x64").links | where outerText -eq "try again").href)"</PrefetchScript>
			<URL></URL>
			<DownloadFileName>Opera_x86.exe</DownloadFileName>
			<DownloadVersionCheck>&amp; $ScriptRoot\7za.exe x "$TempDir\Opera_x86.exe" -o"$TempDir\Opera_x86Temp" -y
			$Version = (get-item $TempDir\Opera_x86Temp\Opera.exe).VersionInfo.ProductVersion
			$FullVersion = (get-item $TempDir\Opera_x86Temp\Opera.exe).VersionInfo.ProductVersion
			</DownloadVersionCheck>
			<FullVersion></FullVersion>
			<Version></Version>
		</Download>
	</Downloads>
	<DeploymentTypes>
		<DeploymentType Name="DeploymentType1">
			<DeploymentTypeName>Opera Browser x64 Silent Install</DeploymentTypeName>
			<InstallationType>Script</InstallationType>
			<CacheContent>False</CacheContent>
			<BranchCache>True</BranchCache>
			<ContentFallback>True</ContentFallback>
			<OnSlowNetwork>Download</OnSlowNetwork>
			<InstallProgram>Opera_x64.exe /silent /norestart /allusers=yes /desktopshortcut=no /launchopera=no /installfolder="%ProgramFiles%\Opera"</InstallProgram>
			<UninstallCmd>`"%ProgramFiles%\Opera\Launcher.exe`" /uninstall /silent</UninstallCmd>
			<InstallationBehaviorType>InstallForSystem</InstallationBehaviorType>
			<LogonReqType>WhetherOrNotUserLoggedOn</LogonReqType>
			<UserInteractionMode>Hidden</UserInteractionMode>
			<EstRuntimeMins>5</EstRuntimeMins>
			<MaxRuntimeMins>20</MaxRuntimeMins>
			<RebootBehavior>BasedOnExitCode</RebootBehavior>
			<DetectionMethodType>Custom</DetectionMethodType>
			<CustomDetectionMethods>
				<DetectionClause>
					<DetectionClauseType>File</DetectionClauseType>
					<Name>Launcher.exe</Name>
					<Path>%ProgramFiles%\Opera</Path>
					<PropertyType>Version</PropertyType>
					<ExpectedValue>$FullVersion</ExpectedValue>
					<ExpressionOperator>IsEquals</ExpressionOperator>
					<Value>True</Value>
					<Is64Bit>True</Is64Bit>
				</DetectionClause>
			</CustomDetectionMethods>
			<RequirementsRules>
				<RequirementsRule>
					<RequirementsRuleType>Existential</RequirementsRuleType>
					<RequirementsRuleValue>
						<RuleValue>True</RuleValue>
					</RequirementsRuleValue>
					<RequirementsRuleGlobalCondition>AutoPackage - OSArchitecture x64</RequirementsRuleGlobalCondition>
				</RequirementsRule>
			</RequirementsRules>
		</DeploymentType>
		<DeploymentType Name="DeploymentType2">
			<DeploymentTypeName>Opera Browser x86 Silent Install</DeploymentTypeName>
			<InstallationType>Script</InstallationType>
			<CacheContent>False</CacheContent>
			<BranchCache>True</BranchCache>
			<ContentFallback>True</ContentFallback>
			<OnSlowNetwork>Download</OnSlowNetwork>
			<InstallProgram>Opera_x86.exe /silent /norestart /allusers=yes /desktopshortcut=no /launchopera=no /installfolder="%ProgramFiles(x86)%\Opera"</InstallProgram>
			<UninstallCmd>`"%ProgramFiles(x86)%\Opera\Launcher.exe`" /uninstall /silent</UninstallCmd>
			<InstallationBehaviorType>InstallForSystem</InstallationBehaviorType>
			<LogonReqType>WhetherOrNotUserLoggedOn</LogonReqType>
			<UserInteractionMode>Hidden</UserInteractionMode>
			<EstRuntimeMins>5</EstRuntimeMins>
			<MaxRuntimeMins>20</MaxRuntimeMins>
			<RebootBehavior>BasedOnExitCode</RebootBehavior>
			<DetectionMethodType>Custom</DetectionMethodType>
			<CustomDetectionMethods>
				<DetectionClause>
					<DetectionClauseType>File</DetectionClauseType>
					<Name>Launcher.exe</Name>
					<Path>%ProgramFiles(x86)%\Opera</Path>
					<PropertyType>Version</PropertyType>
					<ExpectedValue>$FullVersion</ExpectedValue>
					<ExpressionOperator>IsEquals</ExpressionOperator>
					<Value>True</Value>
					<Is64Bit>False</Is64Bit>
				</DetectionClause>
			</CustomDetectionMethods>
			<Requirements>
				<RuleName>OS Architecture x86</RuleName>
			</Requirements>
		</DeploymentType>
	</DeploymentTypes>
	<Distribution>
		<DistributeContent>True</DistributeContent>
	</Distribution>
	<Deployment>
		<DeploySoftware>True</DeploySoftware>
	</Deployment>
</ApplicationDef>