<ApplicationDef>
	<Application>
		<Name>PuTTY</Name>
		<Description>PuTTY is a client program for the SSH, Telnet and Rlogin network protocols. These protocols are all used to run a remote session on a computer, over a network. PuTTY implements the client end of that session: the end at which the session is displayed, rather than the end at which it runs. Free Software</Description>
		<Publisher>Simon Tatham</Publisher>
		<AutoInstall>True</AutoInstall>
		<UserDocumentation>https://www.chiark.greenend.org.uk/~sgtatham/PuTTY/</UserDocumentation>
		<Icon>PuTTY.ico</Icon>
	</Application>
	<Downloads>
		<Download DeploymentType="DeploymentType1">
			<PrefetchScript>$URL = "https://the.earth.li/~sgtatham/putty/latest/w64/$((Invoke-WebRequest https://the.earth.li/~sgtatham/putty/latest/w64/ |Select -ExpandProperty Links |where -Property href -like "PuTTY-64bit*.msi")[0].href)"</PrefetchScript>
			<URL></URL>
			<DownloadFileName>PuTTYx64.msi</DownloadFileName>
			<Version></Version>
			<FullVersion></FullVersion>
			<DownloadVersionCheck>[String]$Version = ([String](Get-MSIInfo -Path $DownloadFile -Property ProductVersion)).TrimStart().TrimEnd()
			$Version = ($version.Split('.'))[0..1] -join "."</DownloadVersionCheck>
			<ExtraCopyFunctions></ExtraCopyFunctions>
		</Download>
		<Download DeploymentType="DeploymentType2">
			<PrefetchScript>$URL = "https://the.earth.li/~sgtatham/putty/latest/w32/$((Invoke-WebRequest https://the.earth.li/~sgtatham/putty/latest/w32/ |Select -ExpandProperty Links |where -Property href -like "PuTTY-*.msi")[0].href)"</PrefetchScript>
			<URL></URL>
			<DownloadFileName>PuTTYx86.msi</DownloadFileName>
			<Version></Version>
			<FullVersion></FullVersion>
			<DownloadVersionCheck>[String]$Version = ([String](Get-MSIInfo -Path $DownloadFile -Property ProductVersion)).TrimStart().TrimEnd()
			$Version = ($version.Split('.'))[0..1] -join "."</DownloadVersionCheck>
			<ExtraCopyFunctions></ExtraCopyFunctions>
		</Download>
	</Downloads>
	<DeploymentTypes>
		<DeploymentType Name="DeploymentType1">
			<DeploymentTypeName>PuTTY Silent Install x64</DeploymentTypeName>
			<InstallationType>MSI</InstallationType>
			<Comments>Silent Installer for PuTTY - 64-bit MSI</Comments>
			<Language>English</Language>
			<CacheContent>False</CacheContent>
			<BranchCache>True</BranchCache>
			<ContentFallback>True</ContentFallback>
			<OnSlowNetwork>Download</OnSlowNetwork>
			<InstallationMSI>PuTTYx64.msi</InstallationMSI>
			<UninstallCmd></UninstallCmd>
			<Force32bit>False</Force32bit>
			<InstallationBehaviorType>InstallForSystem</InstallationBehaviorType>
			<LogonReqType>WhetherOrNotUserLoggedOn</LogonReqType>
			<UserInteractionMode>Hidden</UserInteractionMode>
			<ReqUserInteraction>False</ReqUserInteraction>
			<EstRuntimeMins>5</EstRuntimeMins>
			<MaxRuntimeMins>15</MaxRuntimeMins>
			<RebootBehavior>BasedOnExitCode</RebootBehavior>
			<DetectionMethodType>MSI</DetectionMethodType>
			<RequirementsRules>
				<RequirementsRule>
					<RequirementsRuleType>Existential</RequirementsRuleType>
					<RequirementsRuleValue>
						<RuleValue>True</RuleValue>
					</RequirementsRuleValue>
					<RequirementsRuleGlobalCondition>AutoPackage - OSArchitecture x64</RequirementsRuleGlobalCondition>
				</RequirementsRule>
			</RequirementsRules>
		</DeploymentType>
		<DeploymentType Name="DeploymentType2">
			<DeploymentTypeName>PuTTY Silent Install x86</DeploymentTypeName>
			<InstallationType>MSI</InstallationType>
			<Comments>Silent Installer for PuTTY - 32-bit MSI</Comments>
			<Language>English</Language>
			<CacheContent>False</CacheContent>
			<BranchCache>True</BranchCache>
			<ContentFallback>True</ContentFallback>
			<OnSlowNetwork>Download</OnSlowNetwork>
			<InstallationMSI>PuTTYx86.msi</InstallationMSI>
			<UninstallCmd></UninstallCmd>
			<Force32bit>False</Force32bit>
			<InstallationBehaviorType>InstallForSystem</InstallationBehaviorType>
			<LogonReqType>WhetherOrNotUserLoggedOn</LogonReqType>
			<UserInteractionMode>Hidden</UserInteractionMode>
			<ReqUserInteraction>False</ReqUserInteraction>
			<EstRuntimeMins>5</EstRuntimeMins>
			<MaxRuntimeMins>15</MaxRuntimeMins>
			<RebootBehavior>BasedOnExitCode</RebootBehavior>
			<DetectionMethodType>MSI</DetectionMethodType>
		</DeploymentType>
	</DeploymentTypes>
	<Distribution>
		<DistributeContent>True</DistributeContent>
	</Distribution>
	<Deployment>
		<DeploySoftware>True</DeploySoftware>
	</Deployment>
</ApplicationDef>