<ApplicationDef>
	<Application>
		<Name>Royal TS</Name>
		<Description>Royal TS provides powerful, easy and secure access to your remote systems. It's the perfect tool for server admins, system engineers, developers and IT focused information workers who constantly need to access remote systems with different protocols (like RDP, VNC, SSH, HTTP/S, and many more.)</Description>
		<Publisher>Royal Applications</Publisher>
		<AutoInstall>True</AutoInstall>
		<UserDocumentation>https://content.royalapplications.com/Help/RoyalTS/V4/index.html?introduction_yourfirstconnection.htm</UserDocumentation>
		<Icon>RoyalTS.ico</Icon>
	</Application>
	<Downloads>
		<Download DeploymentType="DeploymentType1">
			<PrefetchScript>$LinkPath = ((Invoke-WebRequest https://www.royalapps.com/ts/ios/download) | Select-Object -ExpandProperty Links | Where-Object -Property HREF -Like "https://download.royalapplications.com/RoyalTS/RoyalTSInstaller_*").href
			$URL = $LinkPath</PrefetchScript>
			<URL></URL>
			<DownloadFileName>royalts.msi</DownloadFileName>
			<Version></Version>
			<FullVersion></FullVersion>
			<DownloadVersionCheck>#Script for checking the File Version
			$DownloadFileName = $LinkPath -split "/" | Select-Object -Last 1
			$MSIVersion = $DownloadFileName -split "_" | Select-Object -Last 1
			$Version = $MSIVersion -replace ".{4}$"</DownloadVersionCheck>
			<ExtraCopyFunctions></ExtraCopyFunctions>
		</Download>
	</Downloads>
	<DeploymentTypes>
		<DeploymentType Name="DeploymentType1">
			<DeploymentTypeName>Royal TS 5 Silent Install</DeploymentTypeName>
			<InstallationType>MSI</InstallationType>
			<Comments>Silent Installer for Royal TS</Comments>
			<Language>English</Language>
			<CacheContent>False</CacheContent>
			<BranchCache>True</BranchCache>
			<ContentFallback>True</ContentFallback>
			<OnSlowNetwork>Download</OnSlowNetwork>
			<InstallationMSI>royalts.msi</InstallationMSI>
			<UninstallCmd></UninstallCmd>
			<Force32bit>False</Force32bit>
			<InstallationBehaviorType>InstallForSystem</InstallationBehaviorType>
			<LogonReqType>WhetherOrNotUserLoggedOn</LogonReqType>
			<UserInteractionMode>Hidden</UserInteractionMode>
			<ReqUserInteraction>False</ReqUserInteraction>
			<EstRuntimeMins>15</EstRuntimeMins>
			<MaxRuntimeMins>30</MaxRuntimeMins>
			<RebootBehavior>BasedOnExitCode</RebootBehavior>
			<DetectionMethodType>MSI</DetectionMethodType>
			<RequirementsRules>
				<RequirementsRule>
					<RequirementsRuleType>Existential</RequirementsRuleType>
					<RequirementsRuleValue>
						<RuleValue>True</RuleValue>
					</RequirementsRuleValue>
					<RequirementsRuleGlobalCondition>AutoPackage - OSArchitecture x64</RequirementsRuleGlobalCondition>
				</RequirementsRule>
			</RequirementsRules>
		</DeploymentType>
	</DeploymentTypes>
	<Distribution>
		<DistributeContent>True</DistributeContent>
	</Distribution>
	<Deployment>
		<DeploySoftware>True</DeploySoftware>
	</Deployment>
</ApplicationDef>
