<ApplicationDef>
	<Application>
		<Name>Slack</Name>
		<Description>Slack is a cloud-based team collaboration tool. Slack is Licensed for all UTO Staff.</Description>
		<Publisher>Slack</Publisher>
		<AutoInstall>True</AutoInstall>
		<UserDocumentation>https://get.slack.help/hc/en-us/articles/212475728-Deploy-Slack-via-Microsoft-Installer</UserDocumentation>
		<Icon>Slack.png</Icon>
	</Application>
	<Downloads>
		<Download DeploymentType="DeploymentType1">
			<PrefetchScript></PrefetchScript>
			<URL>https://slack-ssb-updates.global.ssl.fastly.net/releases_x64/SlackSetup.msi</URL>
			<Version></Version>
			<FullVersion></FullVersion>
			<DownloadFileName>SlackSetup.msi</DownloadFileName>
			<DownloadVersionCheck>$Version = ([String](Get-MSIInfo -Path $TempDir\SlackSetup.msi -Property ProductVersion)).TrimStart().TrimEnd()</DownloadVersionCheck>
			<ExtraCopyFunctions></ExtraCopyFunctions>
		</Download>
	</Downloads>
	<DeploymentTypes>
		<DeploymentType Name="DeploymentType1">
			<DeploymentTypeName>Slack Silent Install</DeploymentTypeName>
			<InstallationType>MSI</InstallationType>
			<CacheContent>False</CacheContent>
			<BranchCache>True</BranchCache>
			<ContentFallback>True</ContentFallback>
			<OnSlowNetwork>Download</OnSlowNetwork>
			<InstallationMSI>SlackSetup.msi</InstallationMSI>
			<UninstallCmd></UninstallCmd>
			<InstallationBehaviorType>InstallForSystem</InstallationBehaviorType>
			<LogonReqType>WhetherOrNotUserLoggedOn</LogonReqType>
			<UserInteractionMode>Hidden</UserInteractionMode>
			<EstRuntimeMins>15</EstRuntimeMins>
			<MaxRuntimeMins>30</MaxRuntimeMins>
			<RebootBehavior>BasedOnExitCode</RebootBehavior>
			<DetectionMethodType>MSI</DetectionMethodType>
		</DeploymentType>
	</DeploymentTypes>
	<Distribution>
		<DistributeContent>True</DistributeContent>
	</Distribution>
	<Deployment>
		<DeploySoftware>True</DeploySoftware>
	</Deployment>
</ApplicationDef>