<ApplicationDef>
	<Application>
		<Name>Stellarium</Name>
		<Description>Stellarium is a free open source planetarium for your computer. It shows a realistic sky in 3D, just like what you see with the naked eye, binoculars or a telescope.</Description>
		<Publisher>Stellarium</Publisher>
		<AutoInstall>True</AutoInstall>
		<UserDocumentation>http://stellarium.org/</UserDocumentation>
		<Icon>stellarium.ico</Icon>
	</Application>
	<Downloads>
		<Download DeploymentType="DeploymentType1">
			<PrefetchScript>[Net.ServicePointManager]::SecurityProtocol = [Net.SecurityProtocolType]::Tls12
			$URL = "https://github.com$((Invoke-WebRequest https://github.com/Stellarium/stellarium/releases/latest -UseBasicParsing |Select -ExpandProperty Links |where -Property href -like "*-win64.exe")[0].href)"</PrefetchScript>
			<URL></URL>
			<DownloadFileName>StellariumInstall.exe</DownloadFileName>
			<Version></Version>
			<FullVersion></FullVersion>
			<DownloadVersionCheck>$Version = ((Get-item $TempDir\$DownloadFileName).VersionInfo.FileVersion).TrimStart().TrimEnd()</DownloadVersionCheck>
			<ExtraCopyFunctions></ExtraCopyFunctions>
		</Download>
	</Downloads>
	<DeploymentTypes>
		<DeploymentType Name="DeploymentType1">
			<DeploymentTypeName>Stellarium Silent Install</DeploymentTypeName>
			<InstallationType>Script</InstallationType>
			<CacheContent>False</CacheContent>
			<BranchCache>True</BranchCache>
			<ContentFallback>True</ContentFallback>
			<OnSlowNetwork>Download</OnSlowNetwork>
			<InstallProgram>StellariumInstall.exe /VerySilent</InstallProgram>
			<UninstallCmd>`"%ProgramFiles%\Stellarium\unins000.exe`" /SILENT</UninstallCmd>
			<InstallationBehaviorType>InstallForSystem</InstallationBehaviorType>
			<LogonReqType>WhetherOrNotUserLoggedOn</LogonReqType>
			<UserInteractionMode>Hidden</UserInteractionMode>
			<EstRuntimeMins>10</EstRuntimeMins>
			<MaxRuntimeMins>40</MaxRuntimeMins>
			<RebootBehavior>BasedOnExitCode</RebootBehavior>
			<DetectionMethodType>Custom</DetectionMethodType>
			<CustomDetectionMethods>
				<DetectionClause>
					<DetectionClauseType>RegistryKeyValue</DetectionClauseType>
					<Hive>LocalMachine</Hive>
					<KeyName>SOFTWARE\Microsoft\Windows\CurrentVersion\Uninstall\Stellarium_is1</KeyName>
					<ValueName>DisplayVersion</ValueName>
					<PropertyType>Version</PropertyType>
					<ExpressionOperator>IsEquals</ExpressionOperator>
					<ExpectedValue>$Version</ExpectedValue>
					<Value>True</Value>
				</DetectionClause>
			</CustomDetectionMethods>
		</DeploymentType>
	</DeploymentTypes>
	<Distribution>
		<DistributeContent>True</DistributeContent>
	</Distribution>
	<Deployment>
		<DeploySoftware>True</DeploySoftware>
	</Deployment>
</ApplicationDef>