<ApplicationDef>
	<Application>
		<Name>Webex Meetings</Name>
		<Description>You can use the Cisco Webex Meetings desktop app to easily access your commonly used Webex Meetings controls. With the Cisco Webex Meetings desktop app, you can start and join meetings without going to your Webex site.</Description>
		<Publisher>Cisco Systems</Publisher>
		<AutoInstall>True</AutoInstall>
		<UserDocumentation>https://help.webex.com/en-us/ojsyry/Cisco-Webex-Meetings-Desktop-App</UserDocumentation>
		<Icon>WebexMeetings.png</Icon>
	</Application>
	<Downloads>
		<Download DeploymentType="DeploymentType1">
			<PrefetchScript>
				$Releases = "https://cisco.webex.com/webappng/sites/cisco/dashboard/download"
				$ie = new-object -com internetexplorer.application
				$ie.navigate("$Releases")
				$ie.visible= $false
				while ($ie.Busy -eq $true) 
				{ 
					Start-Sleep 1; 
				}
				[String]$Download.Version = ($ie.document.body.getElementsByClassName("app-build-version")| Select-Object -Property innerText ).innerText.TrimStart().TrimEnd()
				$ie.Quit()
				$Version = $Download.Version
			</PrefetchScript>
			<URL>https://akamaicdn.webex.com/client/webexapp.msi</URL>
			<Version></Version>
			<FullVersion></FullVersion>
			<DownloadFileName>webexapp.msi</DownloadFileName>
			<DownloadVersionCheck></DownloadVersionCheck>
			<ExtraCopyFunctions></ExtraCopyFunctions>
		</Download>
	</Downloads>
	<DeploymentTypes>
		<DeploymentType Name="DeploymentType1">
			<DeploymentTypeName>WebexApp Silent Install</DeploymentTypeName>
			<InstallationType>MSI</InstallationType>
			<CacheContent>False</CacheContent>
			<BranchCache>True</BranchCache>
			<ContentFallback>True</ContentFallback>
			<OnSlowNetwork>Download</OnSlowNetwork>
			<InstallationMSI>webexapp.msi</InstallationMSI>
			<UninstallCmd></UninstallCmd>
			<InstallationBehaviorType>InstallForSystem</InstallationBehaviorType>
			<LogonReqType>WhetherOrNotUserLoggedOn</LogonReqType>
			<UserInteractionMode>Hidden</UserInteractionMode>
			<EstRuntimeMins>15</EstRuntimeMins>
			<MaxRuntimeMins>30</MaxRuntimeMins>
			<RebootBehavior>BasedOnExitCode</RebootBehavior>
			<DetectionMethodType>MSI</DetectionMethodType>
		</DeploymentType>
	</DeploymentTypes>
	<Distribution>
		<DistributeContent>True</DistributeContent>
	</Distribution>
	<Deployment>
		<DeploySoftware>True</DeploySoftware>
	</Deployment>
</ApplicationDef>
