<ApplicationDef>
	<Application>
		<Name>Wireshark</Name>
		<Description>Wireshark is the world's foremost network protocol analyzer. It lets you see what's happening on your network at a microscopic level. It is the de facto (and often de jure) standard across many industries and educational institutions. Free and Open source Software</Description>
		<Publisher>Wireshark Foundation</Publisher>
		<AutoInstall>True</AutoInstall>
		<UserDocumentation>https://www.wireshark.org/</UserDocumentation>
		<Icon>wireshark.ico</Icon>
	</Application>
	<Downloads>
		<Download DeploymentType="DeploymentType1">
			<PrefetchScript>$URL = "https://2.na.dl.wireshark.org/win64/$((Invoke-WebRequest https://2.na.dl.wireshark.org/win64/ |select -ExpandProperty Links | where outerText -like "*.msi" | sort -Property InnerText -Descending)[0].href)"</PrefetchScript>
			<URL></URL>
			<DownloadFileName>Wireshark.msi</DownloadFileName>
			<Version></Version>
			<FullVersion></FullVersion>
			<DownloadVersionCheck>$Version = ([String](Get-MSIInfo -Path $DownloadFile -Property ProductVersion)).TrimStart().TrimEnd()
			$Version = ($version.Split('.'))[0..2] -join "."</DownloadVersionCheck>
			<ExtraCopyFunctions>Copy-Item $ScriptRoot\ExtraFiles\Wireshark\* -Destination $DestinationPath -recurse -force</ExtraCopyFunctions>
		</Download>
	</Downloads>
	<DeploymentTypes>
		<DeploymentType Name="DeploymentType1">
			<DeploymentTypeName>WireShark Silent Install x64</DeploymentTypeName>
			<InstallationType>MSI</InstallationType>
			<Comments>Silent Installer for WireShark</Comments>
			<Language>English</Language>
			<CacheContent>False</CacheContent>
			<BranchCache>True</BranchCache>
			<ContentFallback>True</ContentFallback>
			<OnSlowNetwork>Download</OnSlowNetwork>
			<InstallProgram>powershell -executionpolicy bypass .\install.ps1</InstallProgram>
			<InstallationMSI>Wireshark.msi</InstallationMSI>
			<Force32bit>False</Force32bit>
			<InstallationBehaviorType>InstallForSystem</InstallationBehaviorType>
			<LogonReqType>WhetherOrNotUserLoggedOn</LogonReqType>
			<UserInteractionMode>Hidden</UserInteractionMode>
			<ReqUserInteraction>False</ReqUserInteraction>
			<EstRuntimeMins>10</EstRuntimeMins>
			<MaxRuntimeMins>30</MaxRuntimeMins>
			<RebootBehavior>BasedOnExitCode</RebootBehavior>
			<DetectionMethodType>MSI</DetectionMethodType>
			<RequirementsRules>
				<RequirementsRule>
					<RequirementsRuleType>Existential</RequirementsRuleType>
					<RequirementsRuleValue>
						<RuleValue>True</RuleValue>
					</RequirementsRuleValue>
					<RequirementsRuleGlobalCondition>AutoPackage - OSArchitecture x64</RequirementsRuleGlobalCondition>
				</RequirementsRule>
			</RequirementsRules>
		</DeploymentType>
	</DeploymentTypes>
	<Distribution>
		<DistributeContent>True</DistributeContent>
	</Distribution>
	<Deployment>
		<DeploySoftware>True</DeploySoftware>
	</Deployment>
</ApplicationDef>