<ApplicationDef>
	<Application>
		<Name>Citrix Workspace App</Name>
		<Description>Access everything you need – SaaS, mobile, virtual apps and files – all in one place.</Description>
		<Publisher>Citrix</Publisher>
		<AutoInstall>True</AutoInstall>
		<UserDocumentation>https://www.citrix.com/downloads/workspace-app/windows/workspace-app-for-windows-latest.html</UserDocumentation>
		<Icon>CitrixWorkspaceApp.ico</Icon>
		<FolderPath></FolderPath>
		<UsePSADT>
			$AppVender = "Citrix"
			$AppName = "Workspace App"
			$AppArch = "x86"
			$AppLang = "EN"
			$AppRev = "01"
			$ScriptVer = "1.0.0"
			$ScriptDate = Get-Date -Format "MM/dd/yyyy"
			$ScriptAuth = "Harish Kakarla"
			$ReplaceAppVender = '[string]$appVendor = ''' + $AppVender + ''''
			$ReplaceAppName = '[string]$appName = ''' + $AppName + ''''
			$ReplaceAppVer = '[string]$appVersion = ''' + $Version + ''''
			$ReplaceAppArch = '[string]$appArch = ''' + $AppArch + ''''
			$ReplaceAppLang = '[string]$appLang = ''' + $AppLang + ''''
			$ReplaceAppRev = '[string]$appRevision = ''' + $AppRev + ''''
			$ReplaceScriptVer = '[string]$appScriptVersion = ''' + $ScriptVer + ''''
			$ReplaceScriptDate = '[string]$appScriptDate = ''' + $ScriptDate + ''''
			$ReplaceScriptAuth = '[string]$appScriptAuthor = ''' + $ScriptAuth + ''''
			$ReplaceInstallBehavior = ''
			$ReplacePreInstall =''
			$ReplaceInstall = "Execute-Process -Path 'CitrixWorkspaceApp.exe' -Parameters '/silent /AutoUpdateCheck=manual /AutoUpdateStream=LTSR ADDLOCAL=`"ReceiverInside,ICA_Client,WebHelper,DesktopViewer,USB,Flash,Vd3d,WorkspaceHub`" /ENABLE_SSON=No /ALLOWADDSTORE=N /RCU' -WindowStyle 'Hidden'"
			$ReplacePostInstall =''
			$ReplaceUninstallBehavior = ''
			$ReplacePreUninstall =''
			$ReplaceUninstall = "Execute-Process -Path 'CitrixWorkspaceApp.exe' -Parameters '/uninstall /silent' -WindowStyle 'Hidden'"
			$ReplacePostUninstall =''
			$ReplacePreRepair=''
			$ReplaceRepair=''
			$ReplacePostRepair=''
		</UsePSADT>
	</Application>
	<Downloads>
		<Download DeploymentType="DeploymentType1">
			<PrefetchScript>
			$URL = "https:$(((Invoke-WebRequest "https://www.citrix.com/downloads/workspace-app/windows/workspace-app-for-windows-latest.html").links | where rel -like "*CitrixWorkspaceApp.exe*")[0].rel)"</PrefetchScript>
			<URL></URL>
			<DownloadFileName>CitrixWorkspaceApp.exe</DownloadFileName>
			<Version></Version>
			<FullVersion></FullVersion>
			<DownloadVersionCheck>
			#Get Version
			$Version = (get-item $DownloadFile).VersionInfo.ProductVersion
			
			#Get ProductKey
			Add-LogContent "Extracting Installer to Grab ProductKey"
			&amp; $ScriptRoot\7za.exe x "$DownloadFile" -o"$TempDir\WorkspaceTemp" -y
			</DownloadVersionCheck>
			<AppRepoFolder>Files</AppRepoFolder>
			<ExtraCopyFunctions>Copy-Item "$TempDir\WorkspaceTemp\RIInstaller.msi" -Destination "$DestinationPath\RIInstaller.msi" -Force</ExtraCopyFunctions>
		</Download>
	</Downloads>
	<DeploymentTypes>
		<DeploymentType Name="DeploymentType1">
			<DeploymentTypeName>Citrix Workspace App</DeploymentTypeName>
			<InstallationType>Script</InstallationType>
			<CacheContent>False</CacheContent>
			<BranchCache>True</BranchCache>
			<ContentFallback>True</ContentFallback>
			<OnSlowNetwork>Download</OnSlowNetwork>
			<InstallationMSI>Deploy-Workspace_App_$Version.exe</InstallationMSI>
			<InstallProgram>Powershell.exe -ExecutionPolicy Bypass -File "Deploy-Application.ps1"</InstallProgram>
			<UninstallCmd>Powershell.exe -ExecutionPolicy Bypass -File "Deploy-Application.ps1" -DeploymentType Uninstall</UninstallCmd>
			<InstallationBehaviorType>InstallForSystem</InstallationBehaviorType>
			<LogonReqType>WhetherOrNotUserLoggedOn</LogonReqType>
			<UserInteractionMode>Normal</UserInteractionMode>
			<EstRuntimeMins>60</EstRuntimeMins>
			<MaxRuntimeMins>120</MaxRuntimeMins>
			<RebootBehavior>BasedOnExitCode</RebootBehavior>
			<DetectionMethodType>Custom</DetectionMethodType>
			<CustomDetectionMethods>
				<DetectionClause>
					<DetectionClauseType>RegistryKeyValue</DetectionClauseType>
					<Hive>LocalMachine</Hive>
					<KeyName>SOFTWARE\WOW6432Node\Microsoft\Windows\CurrentVersion\Uninstall\CitrixOnlinePluginPackWeb</KeyName>
					<ValueName>DisplayVersion</ValueName>
					<PropertyType>Version</PropertyType>
					<ExpressionOperator>IsEquals</ExpressionOperator>
					<ExpectedValue>$Version</ExpectedValue>
					<Value>True</Value>
				</DetectionClause>
			</CustomDetectionMethods>
			<RequirementsRules>
			</RequirementsRules>
		</DeploymentType>
	</DeploymentTypes>
	<Distribution>
		<DistributeContent>False</DistributeContent>
	</Distribution>
	<Supersedence>
		<Supersedence>False</Supersedence>
		<Uninstall>False</Uninstall>
	</Supersedence>
	<Deployment>
		<DeploySoftware>False</DeploySoftware>
	</Deployment>
</ApplicationDef>
