<ApplicationDef>
	<Application>
		<Name>Git x86</Name>
		<Description>Git is a free and open source distributed version control system designed to handle everything from small to very large projects with speed and efficiency. Git is easy to learn and has a tiny footprint with lightning fast performance. Free and Open Source Software</Description>
		<Publisher>Software Freedom Conservancy</Publisher>
		<AutoInstall>True</AutoInstall>
		<UserDocumentation>https://git-scm.com/</UserDocumentation>
		<Icon>Git.ico</Icon>
		<UsePSADT>
			$AppVender = "Software Freedom Conservancy"
			$AppName = "Git"
			$AppArch = "x86"
			$AppLang = "EN"
			$AppRev = "01"
			$ScriptVer = "1.0.0"
			$ScriptDate = Get-Date -Format "MM/dd/yyyy"
			$ScriptAuth = "Harish Kakarla"
			$ReplaceAppVender = '[string]$appVendor = ''' + $AppVender + ''''
			$ReplaceAppName = '[string]$appName = ''' + $AppName + ''''
			$ReplaceAppVer = '[string]$appVersion = ''' + $Version + ''''
			$ReplaceAppArch = '[string]$appArch = ''' + $AppArch + ''''
			$ReplaceAppLang = '[string]$appLang = ''' + $AppLang + ''''
			$ReplaceAppRev = '[string]$appRevision = ''' + $AppRev + ''''
			$ReplaceScriptVer = '[string]$appScriptVersion = ''' + $ScriptVer + ''''
			$ReplaceScriptDate = '[string]$appScriptDate = ''' + $ScriptDate + ''''
			$ReplaceScriptAuth = '[string]$appScriptAuthor = ''' + $ScriptAuth + ''''
			$ReplaceInstallBehavior = ''
			$ReplacePreInstall =''
			$ReplaceInstall = "Execute-Process -Path 'Git-x86.exe' -Parameters '/VERYSILENT /NORESTART' -WindowStyle 'Hidden'"
			$ReplacePostInstall =''
			$ReplaceUninstallBehavior = ''
			$ReplacePreUninstall =''
			$ReplaceUninstall = 'Execute-Process -Path "$($envProgramFilesX86)\Git\unins000.exe" -Parameters "/VERYSILENT"'
			$ReplacePostUninstall =''
			$ReplacePreRepair=''
			$ReplaceRepair=''
			$ReplacePostRepair=''					
		</UsePSADT>
	</Application>
	<Downloads>
		<Download DeploymentType="DeploymentType1">
			<PrefetchScript>$URL = (((Invoke-WebRequest https://git-scm.com/download/win).Links) | where -Property OuterText -EQ "32-bit Git for Windows Setup").href
			$Download.Version = if ($URL -replace '\.windows' -match "\d+\.\d+\.\d+(\.\d+)?") {$matches[0]}
			</PrefetchScript>
			<URL></URL>
			<DownloadFileName>Git-x86.exe</DownloadFileName>
			<Version></Version>
			<FullVersion></FullVersion>
			<DownloadVersionCheck>$Version = ((Get-item $TempDir\$DownloadFileName).VersionInfo.FileVersion).TrimStart().TrimEnd()</DownloadVersionCheck>
			<AppRepoFolder>Files</AppRepoFolder>
			<ExtraCopyFunctions>if (Test-Path $ScriptRoot\ExtraFiles\git.inf) {
			Copy-Item -Path $ScriptRoot\ExtraFiles\git.inf -Destination $DestinationPath
			$AssociatedDeploymentType = $Recipe.ApplicationDef.DeploymentTypes.DeploymentType | Where-Object Name -eq $Download.DeploymentType
			$AssociatedDeploymentType.InstallProgram += ' /LOADINF="git.inf"'
			}</ExtraCopyFunctions>
		</Download>
	</Downloads>
	<DeploymentTypes>
		<DeploymentType Name="DeploymentType1">
			<DeploymentTypeName>Git x86</DeploymentTypeName>
			<InstallationType>Script</InstallationType>
			<CacheContent>False</CacheContent>
			<BranchCache>True</BranchCache>
			<ContentFallback>True</ContentFallback>
			<OnSlowNetwork>Download</OnSlowNetwork>
			<InstallProgram>Powershell.exe -ExecutionPolicy Bypass -File "Deploy-Application.ps1"</InstallProgram>
			<UninstallCmd>Powershell.exe -ExecutionPolicy Bypass -File "Deploy-Application.ps1" -DeploymentType Uninstall</UninstallCmd>			
			<InstallationBehaviorType>InstallForSystem</InstallationBehaviorType>
			<LogonReqType>WhetherOrNotUserLoggedOn</LogonReqType>
			<UserInteractionMode>Normal</UserInteractionMode>
			<EstRuntimeMins>60</EstRuntimeMins>
			<MaxRuntimeMins>120</MaxRuntimeMins>
			<RebootBehavior>BasedOnExitCode</RebootBehavior>
			<DetectionMethodType>Custom</DetectionMethodType>
			<CustomDetectionMethods>
				<DetectionClause>
					<DetectionClauseType>File</DetectionClauseType>
					<Name>git-cmd.exe</Name>
					<Path>%ProgramFiles(x86)%\Git\</Path>
					<PropertyType>Version</PropertyType>
					<ExpectedValue>$Version</ExpectedValue>
					<ExpressionOperator>GreaterEquals</ExpressionOperator>
					<Value>True</Value>
				</DetectionClause>
			</CustomDetectionMethods>
		</DeploymentType>
	</DeploymentTypes>
	<Distribution>
		<DistributeContent>False</DistributeContent>
	</Distribution>
	<Supersedence>
		<Supersedence>False</Supersedence>
	</Supersedence>
	<Deployment>
		<DeploySoftware>False</DeploySoftware>
	</Deployment>
</ApplicationDef>
