<ApplicationDef>
	<Application>
		<Name>Google Earth Pro x64</Name>
		<Description>Google Earth Pro on desktop is free for users with advanced feature needs. Import and export GIS data, and go back in time with historical imagery. Available on PC, Mac, or Linux. Free Software.</Description>
		<Publisher>Google Inc.</Publisher>
		<AutoInstall>True</AutoInstall>
		<UserDocumentation>https://support.google.com/earth/answer/168344</UserDocumentation>
		<Icon>googleearth_201.ico</Icon>
		<UsePSADT>
			$AppVender = "Google Inc."
			$AppName = "Google Earth Pro"
			$AppArch = "x64"
			$AppLang = "EN"
			$AppRev = "01"
			$ScriptVer = "1.0.0"
			$ScriptDate = Get-Date -Format "MM/dd/yyyy"
			$ScriptAuth = "Harish Kakarla"
			$ReplaceAppVender = '[string]$appVendor = ''' + $AppVender + ''''
			$ReplaceAppName = '[string]$appName = ''' + $AppName + ''''
			$ReplaceAppVer = '[string]$appVersion = ''' + $Version + ''''
			$ReplaceAppArch = '[string]$appArch = ''' + $AppArch + ''''
			$ReplaceAppLang = '[string]$appLang = ''' + $AppLang + ''''
			$ReplaceAppRev = '[string]$appRevision = ''' + $AppRev + ''''
			$ReplaceScriptVer = '[string]$appScriptVersion = ''' + $ScriptVer + ''''
			$ReplaceScriptDate = '[string]$appScriptDate = ''' + $ScriptDate + ''''
			$ReplaceScriptAuth = '[string]$appScriptAuthor = ''' + $ScriptAuth + ''''
			$ReplaceInstallBehavior = ''
			$ReplacePreInstall =''
			$ReplaceInstall = 'Execute-MSI -Action "Install" -Path "GoogleEarthProInstallerx64.msi" -Parameters "/norestart /qn"'
			$ReplacePostInstall =''
			$ReplaceUninstallBehavior = ''
			$ReplacePreUninstall =''
			$ReplaceUninstall = 'Remove-MSIApplications -Name "Google Earth Pro"'
			$ReplacePostUninstall =''
			$ReplacePreRepair=''
			$ReplaceRepair=''
			$ReplacePostRepair=''
		</UsePSADT>
	</Application>
	<Downloads>
		<Download DeploymentType="DeploymentType1">
			<PrefetchScript>$URL = ((Invoke-WebRequest -Uri https://support.google.com/earth/answer/168344 -UseBasicParsing).links | where href -like "*-x64.exe" | sort href -Descending)[0].href</PrefetchScript>
			<URL></URL>
			<DownloadFileName>GoogleEarthProInstallerx64.exe</DownloadFileName>
			<DownloadVersionCheck>Start-Process $TempDir\GoogleEarthProInstallerx64.exe -ArgumentList "OMAHA=1" -wait
			$MSIFiles = Get-ChildItem C:\Windows\Installer | where name -like "*.msi" | Sort-Object -Property LastWriteTime -Descending
			foreach ($MSI in $MSIFiles){
				if ($(Get-MSIInfo -Path $MSI.FullName -Property ProductName) -eq "Google Earth Pro"){
					Write-Verbose "Google Earth Pro Found!"
					$MSIFileName = $MSI.FullName
					$MSIProductCode = Get-MSIInfo -Path $MSI.FullName -Property ProductCode
					$Version = ([string](Get-MSIInfo -Path $MSI.FullName -Property ProductVersion)).TrimStart().TrimEnd()
					break
				}
			}
			write-host $MSIFileName $Version $DestinationPath\GoogleEarthProInstallerx64.msi
			Copy-Item $MSIFileName -Destination $TempDir\GoogleEarthProInstallerx64.msi -force
			Start-Process msiexec.exe -ArgumentList "/x$MSIProductCode /qn" -wait
			</DownloadVersionCheck>
			<FullVersion></FullVersion>
			<Version></Version>
			<AppRepoFolder>Files</AppRepoFolder>
			<ExtraCopyFunctions>Copy-Item $TempDir\GoogleEarthProInstallerx64.msi -Destination "$DestinationPath\GoogleEarthProInstallerx64.msi" -force</ExtraCopyFunctions>
		</Download>		
	</Downloads>
	<DeploymentTypes>
		<DeploymentType Name="DeploymentType1">
			<DeploymentTypeName>Google Earth Pro x64</DeploymentTypeName>
			<InstallationType>Script</InstallationType>	
			<CacheContent>False</CacheContent>
			<BranchCache>True</BranchCache>
			<ContentFallback>True</ContentFallback>
			<OnSlowNetwork>Download</OnSlowNetwork>
			<InstallProgram>Powershell.exe -ExecutionPolicy Bypass -File "Deploy-Application.ps1"</InstallProgram>
			<UninstallCmd>Powershell.exe -ExecutionPolicy Bypass -File "Deploy-Application.ps1" -DeploymentType Uninstall</UninstallCmd>
			<UninstallOption>SameAsInstall</UninstallOption>
			<InstallationBehaviorType>InstallForSystem</InstallationBehaviorType>
			<LogonReqType>WhetherOrNotUserLoggedOn</LogonReqType>
			<UserInteractionMode>Normal</UserInteractionMode>
			<ReqUserInteraction>False</ReqUserInteraction>
			<EstRuntimeMins>60</EstRuntimeMins>
			<MaxRuntimeMins>120</MaxRuntimeMins>
			<RebootBehavior>BasedOnExitCode</RebootBehavior>
			<DetectionMethodType>Custom</DetectionMethodType>
			<CustomDetectionMethods>
				<DetectionClause>
					<DetectionClauseType>RegistryKeyValue</DetectionClauseType>
					<Hive>LocalMachine</Hive>
					<KeyName>SOFTWARE\WOW6432Node\Microsoft\Windows\CurrentVersion\Uninstall\winscp3_is1</KeyName>
					<ValueName>DisplayVersion</ValueName>
					<PropertyType>Version</PropertyType>
					<ExpressionOperator>IsEquals</ExpressionOperator>
					<ExpectedValue>$Version</ExpectedValue>
					<Value>True</Value>
				</DetectionClause>
			</CustomDetectionMethods>
		</DeploymentType>		
	</DeploymentTypes>
	<Distribution>
		<DistributeContent>False</DistributeContent>
	</Distribution>
	<Deployment>
		<DeploySoftware>False</DeploySoftware>
	</Deployment>
</ApplicationDef>