<ApplicationDef>
	<Application>
		<Name>Google Chrome Enterprise</Name>
		<Description>Google Chrome is a freeware web browser developed by Google.</Description>
		<Publisher>Google</Publisher>
		<AutoInstall>True</AutoInstall>
		<UserDocumentation>https://www.google.com/chrome/</UserDocumentation>
		<Icon>Google Chrome.ico</Icon>
		<FolderPath></FolderPath>
		<UsePSADT>
				$AppVender = "Google"
				$AppName = "Chrome Enterprise"
				$AppArch = "x64"
				$AppLang = "EN"
				$AppRev = "01"
				$ScriptVer = "1.0.0"
				$ScriptDate = Get-Date -Format "MM/dd/yyyy"
				$ScriptAuth = "Harish Kakarla"
				$ReplaceAppVender = '[string]$appVendor = ''' + $AppVender + ''''
				$ReplaceAppName = '[string]$appName = ''' + $AppName + ''''
				$ReplaceAppVer = '[string]$appVersion = ''' + $Version + ''''
				$ReplaceAppArch = '[string]$appArch = ''' + $AppArch + ''''
				$ReplaceAppLang = '[string]$appLang = ''' + $AppLang + ''''
				$ReplaceAppRev = '[string]$appRevision = ''' + $AppRev + ''''
				$ReplaceScriptVer = '[string]$appScriptVersion = ''' + $ScriptVer + ''''
				$ReplaceScriptDate = '[string]$appScriptDate = ''' + $ScriptDate + ''''
				$ReplaceScriptAuth = '[string]$appScriptAuthor = ''' + $ScriptAuth + ''''
				$ReplaceInstallBehavior = ''
				$ReplacePreInstall =''
				$ReplaceInstall = 'Execute-MSI -Action "Install" -Path "GoogleChromeStandaloneEnterprise64.msi" -Parameters "ALLOWDOWNGRADE=1 /qn"'
				$ReplacePostInstall ='Start-Sleep -s 10'
				$ReplaceUninstallBehavior = ''
				$ReplacePreUninstall =''
				$ReplaceUninstall = "`$registryEntry = (Search-Registry -StartKey HKLM:\SOFTWARE\Microsoft\Windows\CurrentVersion\Uninstall -Pattern '^Google Chrome.*`$' -MatchData).Key | select -First 1 | Get-ItemProperty -ea 0 
				`$uninstallString = (`$registryEntry.UninstallString).Replace(`"MsiExec.exe /X`",`"`") 
				Execute-MSI -Action Uninstall -Path `"`$uninstallString`" -Parameters `"/qn`""
				$ReplacePostUninstall =''
				$ReplacePreRepair=''
				$ReplaceRepair=''
				$ReplacePostRepair=''
		</UsePSADT>
	</Application>
	<Downloads>
		<Download DeploymentType="DeploymentType1">
			<PrefetchScript>$Download.Version = ((Invoke-RestMethod https://omahaproxy.appspot.com/all.json) | ? os -eq 'win' | select -expand versions | ? channel -eq 'stable' | select -expand version) -as [string]</PrefetchScript>
			<URL>https://dl.google.com/edgedl/chrome/install/GoogleChromeStandaloneEnterprise64.msi</URL>
			<DownloadFileName>googlechromestandaloneenterprise64.msi</DownloadFileName>
			<DownloadVersionCheck>#Script to check version
			$Output = Get-ExtensionAttribute -FullName $Global:TempDir\$DownloadFileName -ExtensionAttribute Comments
			$Version = ($($Output.Comments).Split(" "))[0]</DownloadVersionCheck>
			<Version></Version>
			<FullVersion></FullVersion>
			<AppRepoFolder>Files</AppRepoFolder>
			<ExtraCopyFunctions></ExtraCopyFunctions>
		</Download>
	</Downloads>
	<DeploymentTypes>
		<DeploymentType Name="DeploymentType1">
			<DeploymentTypeName>Google Chrome</DeploymentTypeName>
			<InstallationType>Script</InstallationType>
			<Language>English</Language>
			<CacheContent>False</CacheContent>
			<BranchCache>True</BranchCache>
			<ContentFallback>True</ContentFallback>
			<OnSlowNetwork>Download</OnSlowNetwork>
			<InstallationMSI>Deploy-Chrome_Enterprise_$Version.exe</InstallationMSI>
			<InstallProgram>Powershell.exe -ExecutionPolicy Bypass -File "Deploy-Application.ps1"</InstallProgram>
			<UninstallCmd>Powershell.exe -ExecutionPolicy Bypass -File "Deploy-Application.ps1" -DeploymentType Uninstall</UninstallCmd>
			<UninstallOption>SameAsInstall</UninstallOption>
			<Force32bit>False</Force32bit>
			<InstallationBehaviorType>InstallForSystem</InstallationBehaviorType>
			<LogonReqType>WhetherOrNotUserLoggedOn</LogonReqType>
			<UserInteractionMode>Normal</UserInteractionMode>
			<ReqUserInteraction>False</ReqUserInteraction>
			<EstRuntimeMins>60</EstRuntimeMins>
			<MaxRuntimeMins>120</MaxRuntimeMins>
			<RebootBehavior>BasedOnExitCode</RebootBehavior>
			<DetectionMethodType>Custom</DetectionMethodType>			
			<CustomDetectionMethods>
				<DetectionClause>
					<DetectionClauseType>RegistryKeyValue</DetectionClauseType>
					<Hive>LocalMachine</Hive>
					<KeyName>SOFTWARE\Microsoft\Windows\CurrentVersion\Uninstall\{809F21F9-8D3A-3376-BC28-CD19E26DA000}</KeyName>
					<ValueName>DisplayVersion</ValueName>
					<PropertyType>Version</PropertyType>
					<ExpressionOperator>IsEquals</ExpressionOperator>
					<ExpectedValue>$Version</ExpectedValue>
					<Value>True</Value>
				</DetectionClause>
			</CustomDetectionMethods>
			<RequirementsRules>
			</RequirementsRules>
		</DeploymentType>
	</DeploymentTypes>
	<Distribution>
		<DistributeContent>False</DistributeContent>
	</Distribution>
	<Supersedence>
		<Supersedence>False</Supersedence>
		<Uninstall>False</Uninstall>
	</Supersedence>
	<Deployment>
		<DeploySoftware>False</DeploySoftware>
	</Deployment>
</ApplicationDef>