<ApplicationDef>
	<Application>
		<!-- Customise the install program for your environment -->
		<!-- https://www.cisco.com/c/en/us/td/docs/voice_ip_comm/jabber/12_9/cjab_b_deploy-jabber-on-premises-129/cjab_b_deploy-jabber-on-premises-129_chapter_010000.html#JABW_RF_CF4EAB44_00 -->
		<Name>Cisco Jabber</Name>
		<Description>Cisco Jabber for Windows brings presence, instant messaging, VoIP, and audio, video, and web conferencing to your PC.</Description>
		<Publisher>Cisco Systems Inc.</Publisher>
		<AutoInstall>True</AutoInstall>
		<UserDocumentation>https://www.cisco.com/c/en/us/products/unified-communications/jabber/index.html</UserDocumentation>
		<Icon>Jabber.png</Icon>
		<UsePSADT>
			$AppVender = "Cisco"
			$AppName = "Jabber"
			$AppArch = "x64"
			$AppLang = "EN"
			$AppRev = "01"
			$ScriptVer = "1.0.0"
			$ScriptDate = Get-Date -Format "MM/dd/yyyy"
			$ScriptAuth = "Harish Kakarla"
			$ReplaceAppVender = '[string]$appVendor = ''' + $AppVender + ''''
			$ReplaceAppName = '[string]$appName = ''' + $AppName + ''''
			$ReplaceAppVer = '[string]$appVersion = ''' + $Version + ''''
			$ReplaceAppArch = '[string]$appArch = ''' + $AppArch + ''''
			$ReplaceAppLang = '[string]$appLang = ''' + $AppLang + ''''
			$ReplaceAppRev = '[string]$appRevision = ''' + $AppRev + ''''
			$ReplaceScriptVer = '[string]$appScriptVersion = ''' + $ScriptVer + ''''
			$ReplaceScriptDate = '[string]$appScriptDate = ''' + $ScriptDate + ''''
			$ReplaceScriptAuth = '[string]$appScriptAuthor = ''' + $ScriptAuth + ''''
			$ReplaceInstallBehavior = ''
			$ReplacePreInstall =''
			$ReplaceInstall = 'Execute-MSI -Action Install -Path "CiscoJabberSetup.msi" -Parameters "/qn"'
			$ReplacePostInstall =''
			$ReplaceUninstallBehavior = ''
			$ReplacePreUninstall =''
			$ReplaceUninstall = 'Remove-MSIApplications -Name "Cisco Jabber"'
			$ReplacePostUninstall =''
			$ReplacePreRepair=''
			$ReplaceRepair=''
			$ReplacePostRepair=''
		</UsePSADT>
	</Application>
	<Downloads>
		<Download DeploymentType="DeploymentType1">
			<URL>https://binaries.webex.com/static-content-pipeline/jabber-upgrade/production/jabberdesktop/apps/windows/public/latest/CiscoJabberSetup.msi</URL>
			<DownloadFileName>CiscoJabberSetup.msi</DownloadFileName>
			<DownloadVersionCheck>[String]$Version = ([String](Get-MSIInfo -Path $DownloadFile -Property ProductVersion)).TrimStart().TrimEnd()</DownloadVersionCheck>
			<AppRepoFolder>Files</AppRepoFolder>
			<Version></Version>
			<FullVersion></FullVersion>
			<ExtraCopyFunctions></ExtraCopyFunctions>
		</Download>
	</Downloads>
	<DeploymentTypes>
		<DeploymentType Name="DeploymentType1">
			<DeploymentTypeName>Cisco Jabber</DeploymentTypeName>
			<InstallationType>Script</InstallationType>	
			<CacheContent>False</CacheContent>
			<BranchCache>True</BranchCache>
			<ContentFallback>True</ContentFallback>
			<OnSlowNetwork>Download</OnSlowNetwork>
			<InstallationMSI>Deploy-CiscoJabber_$Version.exe</InstallationMSI>
			<InstallProgram>Powershell.exe -ExecutionPolicy Bypass -File "Deploy-Application.ps1"</InstallProgram>
			<UninstallCmd>Powershell.exe -ExecutionPolicy Bypass -File "Deploy-Application.ps1" -DeploymentType Uninstall</UninstallCmd>
			<UninstallOption>SameAsInstall</UninstallOption>
			<InstallationBehaviorType>InstallForSystem</InstallationBehaviorType>
			<LogonReqType>WhetherOrNotUserLoggedOn</LogonReqType>
			<UserInteractionMode>Normal</UserInteractionMode>			
			<EstRuntimeMins>60</EstRuntimeMins>
			<MaxRuntimeMins>120</MaxRuntimeMins>
			<RebootBehavior>BasedOnExitCode</RebootBehavior>
			<DetectionMethodType>Custom</DetectionMethodType>			
			<CustomDetectionMethods>
				<DetectionClause>
					<DetectionClauseType>RegistryKeyValue</DetectionClauseType>
					<Hive>LocalMachine</Hive>
					<KeyName>SOFTWARE\Microsoft\Windows\CurrentVersion\Uninstall\{38C34F89-6E91-449A-A2FC-7277779DD0A3}</KeyName>
					<ValueName>DisplayVersion</ValueName>
					<PropertyType>Version</PropertyType>
					<ExpressionOperator>IsEquals</ExpressionOperator>
					<ExpectedValue>14.0.0.55563</ExpectedValue>
					<Value>True</Value>
				</DetectionClause>
			</CustomDetectionMethods>
			<RequirementsRules>
			</RequirementsRules>
		</DeploymentType>
	</DeploymentTypes>
	<Distribution>
		<DistributeContent>False</DistributeContent>
	</Distribution>
	<Deployment>
		<DeploySoftware>False</DeploySoftware>
	</Deployment>
</ApplicationDef>
