<ApplicationDef>
    <Application>
        <Name>Microsoft Power BI Desktop x64</Name>
        <Description>Power BI is a suite of business analytics tools that deliver insights throughout your organization. Connect to hundreds of data sources, simplify data prep, and drive ad hoc analysis. Produce beautiful reports, then publish them for your organization to consume on the web and across mobile devices. Everyone can create personalized dashboards with a unique, 360-degree view of their business. And scale across the enterprise, with governance and security built-in.</Description>
        <Publisher>Microsoft</Publisher>
        <AutoInstall>True</AutoInstall>
        <UserDocumentation>https://www.microsoft.com/en-us/download/details.aspx?id=58494</UserDocumentation>
        <Icon>PowerBIDesktop.ico</Icon>
		<UsePSADT>
			$AppVender = "Microsoft"
			$AppName = "Power BI Desktop x64"
			$AppArch = "x64"
			$AppLang = "EN"
			$AppRev = "01"
			$ScriptVer = "1.0.0"
			$ScriptDate = Get-Date -Format "MM/dd/yyyy"
			$ScriptAuth = "Harish Kakarla"
			$ReplaceAppVender = '[string]$appVendor = ''' + $AppVender + ''''
			$ReplaceAppName = '[string]$appName = ''' + $AppName + ''''
			$ReplaceAppVer = '[string]$appVersion = ''' + $Version + ''''
			$ReplaceAppArch = '[string]$appArch = ''' + $AppArch + ''''
			$ReplaceAppLang = '[string]$appLang = ''' + $AppLang + ''''
			$ReplaceAppRev = '[string]$appRevision = ''' + $AppRev + ''''
			$ReplaceScriptVer = '[string]$appScriptVersion = ''' + $ScriptVer + ''''
			$ReplaceScriptDate = '[string]$appScriptDate = ''' + $ScriptDate + ''''
			$ReplaceScriptAuth = '[string]$appScriptAuthor = ''' + $ScriptAuth + ''''
			$ReplaceInstallBehavior = ''
			$ReplacePreInstall =''
			$ReplaceInstall = "Execute-Process -Path 'PBIDesktopSetup_x64.exe' -Parameters '-s -norestart ACCEPT_EULA=1 INSTALLDESKTOPSHORTCUT=0' -WindowStyle 'Hidden'"			
			$ReplacePostInstall =''
			$ReplaceUninstallBehavior = ''
			$ReplacePreUninstall =''
			$ReplaceUninstall = "Execute-Process -Path 'PBIDesktopSetup_x64.exe' -Parameters '-q -norestart -uninstall' -WindowStyle 'Hidden'"
			$ReplacePostUninstall =''
			$ReplacePreRepair=''
			$ReplaceRepair=''
			$ReplacePostRepair=''
		</UsePSADT>
    </Application>
    <Downloads>
        <Download DeploymentType="DeploymentType1">
            <PrefetchScript>$URL = ((Invoke-WebRequest "https://www.microsoft.com/en-us/download/confirmation.aspx?id=58494" -UseBasicParsing).Links | Where-Object href -like "*PBIDesktopSetup_x64.exe")[0].href</PrefetchScript>
            <URL></URL>
            <DownloadFileName>PBIDesktopSetup_x64.exe</DownloadFileName>
            <DownloadVersionCheck>$Version = ((Get-item $TempDir\$DownloadFileName).VersionInfo.FileVersion).TrimStart().TrimEnd()</DownloadVersionCheck>
            <FullVersion></FullVersion>
			<AppRepoFolder>Files</AppRepoFolder>
            <Version></Version>
        </Download>
    </Downloads>
    <DeploymentTypes>
        <DeploymentType Name="DeploymentType1">
            <DeploymentTypeName>Microsoft PowerBI Desktop x64</DeploymentTypeName>
            <InstallationType>Script</InstallationType>            
            <Language>English</Language>
            <CacheContent>False</CacheContent>
            <BranchCache>True</BranchCache>
            <ContentFallback>True</ContentFallback>
            <OnSlowNetwork>Download</OnSlowNetwork>
			<InstallProgram>Powershell.exe -ExecutionPolicy Bypass -File "Deploy-Application.ps1"</InstallProgram>
			<UninstallCmd>Powershell.exe -ExecutionPolicy Bypass -File "Deploy-Application.ps1" -DeploymentType Uninstall</UninstallCmd>
            <InstallationBehaviorType>InstallForSystem</InstallationBehaviorType>
            <LogonReqType>WhetherOrNotUserLoggedOn</LogonReqType>
            <UserInteractionMode>Hidden</UserInteractionMode>
            <ReqUserInteraction>False</ReqUserInteraction>
            <EstRuntimeMins>60</EstRuntimeMins>
            <MaxRuntimeMins>120</MaxRuntimeMins>
            <RebootBehavior>BasedOnExitCode</RebootBehavior>
            <DetectionMethodType>CustomScript</DetectionMethodType>
            <ScriptLanguage>PowerShell</ScriptLanguage>
            <DetectionMethod>$InstalledItem = (Get-ChildItem -Path "HKLM:\SOFTWARE\Microsoft\Windows\CurrentVersion\Uninstall" -ErrorAction SilentlyContinue | where-object {$_.GetValue("DisplayName") -eq "Microsoft Power BI Desktop (x64)"})
if (-not ([System.String]::IsNullorEmpty($InstalledItem))){
    if ([Version]$($InstalledItem.GetValue("DisplayVersion")) -ge [Version]"$Version"){
        write-Output "Installed"
    }
}
            </DetectionMethod>
            <RequirementsRules>
            </RequirementsRules>
        </DeploymentType>
       
    </DeploymentTypes>
    <Distribution>
        <DistributeContent>False</DistributeContent>
    </Distribution>
    <Deployment>
        <DeploySoftware>False</DeploySoftware>
    </Deployment>
</ApplicationDef>