<ApplicationDef>
	<Application>
		<Name>MySQL Workbench Community Edition</Name>
		<Description>MySQL Workbench is a unified visual tool for database architects, developers, and DBAs. MySQL Workbench provides data modeling, SQL development, and comprehensive administration tools for server configuration, user administration, backup, and more. The Community (OSS) Edition is available under the GPL.</Description>
		<Publisher>Oracle</Publisher>
		<AutoInstall>True</AutoInstall>
		<UserDocumentation>https://dev.mysql.com/downloads/workbench/</UserDocumentation>
		<Icon>mysqlworkbench.ico</Icon>
		<UsePSADT>
			$AppVender = "Oracle"
			$AppName = "MySQL Workbench Community Edition"
			$AppArch = "x64"
			$AppLang = "EN"
			$AppRev = "01"
			$ScriptVer = "1.0.0"
			$ScriptDate = Get-Date -Format "MM/dd/yyyy"
			$ScriptAuth = "Harish Kakarla"
			$ReplaceAppVender = '[string]$appVendor = ''' + $AppVender + ''''
			$ReplaceAppName = '[string]$appName = ''' + $AppName + ''''
			$ReplaceAppVer = '[string]$appVersion = ''' + $Version + ''''
			$ReplaceAppArch = '[string]$appArch = ''' + $AppArch + ''''
			$ReplaceAppLang = '[string]$appLang = ''' + $AppLang + ''''
			$ReplaceAppRev = '[string]$appRevision = ''' + $AppRev + ''''
			$ReplaceScriptVer = '[string]$appScriptVersion = ''' + $ScriptVer + ''''
			$ReplaceScriptDate = '[string]$appScriptDate = ''' + $ScriptDate + ''''
			$ReplaceScriptAuth = '[string]$appScriptAuthor = ''' + $ScriptAuth + ''''
			$ReplaceInstallBehavior = ''
			$ReplacePreInstall =''
			$ReplaceInstall = 'Execute-MSI -Action "Install" -Path "mysql-workbench.msi" -Parameters "/qn"'
			$ReplacePostInstall =''
			$ReplaceUninstallBehavior = ''
			$ReplacePreUninstall =''
			$ReplaceUninstall = 'Remove-MSIApplications -Name "MySQL Workbench Community Edition"'
			$ReplacePostUninstall =''
			$ReplacePreRepair=''
			$ReplaceRepair=''
			$ReplacePostRepair=''
		</UsePSADT>
	</Application>
		<Downloads>
			<Download DeploymentType="DeploymentType1">
			<PrefetchScript>$MySQL = Invoke-WebRequest "https://dev.mysql.com/downloads/workbench/"
							$MySQL = Invoke-WebRequest "https://dev.mysql.com$(($MySQL.Links | where {$_.href -like "*downloads/file*" -and $_.outerText -eq "Download"})[0].href)"
							$URL = "https://dev.mysql.com$(($MySQL.Links | where outerText -eq "No thanks, just start my download.")[0].href)"
			</PrefetchScript>
			<URL></URL>
			<DownloadFileName>mysql-workbench.msi</DownloadFileName>
			<Version></Version>
			<FullVersion></FullVersion>
			<AppRepoFolder>Files</AppRepoFolder>
			<DownloadVersionCheck>$Version = ([String](Get-MSIInfo -Path $DownloadFile -Property ProductVersion)).TrimStart().TrimEnd()</DownloadVersionCheck>
		</Download>
	</Downloads>
	<DeploymentTypes>
		<DeploymentType Name="DeploymentType1">
			<DeploymentTypeName>MySQL Workbench</DeploymentTypeName>
			<InstallationType>Script</InstallationType>
			<Language>English</Language>
			<CacheContent>False</CacheContent>
			<BranchCache>True</BranchCache>
			<ContentFallback>True</ContentFallback>
			<OnSlowNetwork>Download</OnSlowNetwork>
			<InstallProgram>Powershell.exe -ExecutionPolicy Bypass -File "Deploy-Application.ps1"</InstallProgram>
			<UninstallCmd>Powershell.exe -ExecutionPolicy Bypass -File "Deploy-Application.ps1" -DeploymentType Uninstall</UninstallCmd>
			<InstallationBehaviorType>InstallForSystem</InstallationBehaviorType>
			<LogonReqType>WhetherOrNotUserLoggedOn</LogonReqType>
			<UserInteractionMode>Normal</UserInteractionMode>
			<ReqUserInteraction>False</ReqUserInteraction>
			<EstRuntimeMins>60</EstRuntimeMins>
			<MaxRuntimeMins>120</MaxRuntimeMins>
			<RebootBehavior>BasedOnExitCode</RebootBehavior>
			<DetectionMethodType>Custom</DetectionMethodType>
			<CustomDetectionMethods>
				<DetectionClause>
					<DetectionClauseType>RegistryKeyValue</DetectionClauseType>
					<Hive>LocalMachine</Hive>
					<KeyName>SOFTWARE\Microsoft\Windows\CurrentVersion\Uninstall\{825E2861-F5B4-4A5A-A3B4-6AA27EEBF499}</KeyName>
					<ValueName>DisplayVersion</ValueName>
					<PropertyType>Version</PropertyType>
					<ExpressionOperator>IsEquals</ExpressionOperator>
					<ExpectedValue>$Version</ExpectedValue>
					<Value>True</Value>
				</DetectionClause>
			</CustomDetectionMethods>
		</DeploymentType>
	</DeploymentTypes>
	<Distribution>
		<DistributeContent>False</DistributeContent>
	</Distribution>
	<Deployment>
		<DeploySoftware>False</DeploySoftware>
	</Deployment>
</ApplicationDef>