<ApplicationDef>
	<Application>
		<Name>Visual Studio Code x86</Name>
		<Description>Visual Studio Code is a source code editor developed by Microsoft for Windows, Linux and macOS. It includes support for debugging, embedded Git control, syntax highlighting, intelligent code completion, snippets, and code refactoring. MIT License Freeware</Description>
		<Publisher>Microsoft</Publisher>
		<AutoInstall>True</AutoInstall>
		<UserDocumentation>https://code.visualstudio.com</UserDocumentation>
		<Icon>VSCode.ico</Icon>
		<UsePSADT>
			$AppVender = "Microsoft"
			$AppName = "Visual Studio Code"
			$AppArch = "x86"
			$AppLang = "EN"
			$AppRev = "01"
			$ScriptVer = "1.0.0"
			$ScriptDate = Get-Date -Format "MM/dd/yyyy"
			$ScriptAuth = "Harish Kakarla"
			$ReplaceAppVender = '[string]$appVendor = ''' + $AppVender + ''''
			$ReplaceAppName = '[string]$appName = ''' + $AppName + ''''
			$ReplaceAppVer = '[string]$appVersion = ''' + $Version + ''''
			$ReplaceAppArch = '[string]$appArch = ''' + $AppArch + ''''
			$ReplaceAppLang = '[string]$appLang = ''' + $AppLang + ''''
			$ReplaceAppRev = '[string]$appRevision = ''' + $AppRev + ''''
			$ReplaceScriptVer = '[string]$appScriptVersion = ''' + $ScriptVer + ''''
			$ReplaceScriptDate = '[string]$appScriptDate = ''' + $ScriptDate + ''''
			$ReplaceScriptAuth = '[string]$appScriptAuthor = ''' + $ScriptAuth + ''''
			$ReplaceInstallBehavior = ''
			$ReplacePreInstall =''
			$ReplaceInstall = "Execute-Process -Path 'VSCodeSetup-ia32.exe' -Parameters '/VERYSILENT /NORESTART /MERGETASKS=!runcode' -WindowStyle 'Hidden'"
			$ReplacePostInstall =''
			$ReplaceUninstallBehavior = ''
			$ReplacePreUninstall =''
			$ReplaceUninstall = 'Execute-Process -Path "$($envProgramFilesx86)\Microsoft VS Code\unins000.exe" -Parameters "/VERYSILENT"'
			$ReplacePostUninstall =''
			$ReplacePreRepair=''
			$ReplaceRepair=''
			$ReplacePostRepair=''			
		</UsePSADT>
	</Application>
	<Downloads>
		<Download DeploymentType="DeploymentType1">
			<PrefetchScript></PrefetchScript>
			<URL>https://go.microsoft.com/fwlink/?LinkID=623230</URL>
			<DownloadFileName>VSCodeSetup-ia32.exe</DownloadFileName>
			<Version></Version>
			<FullVersion></FullVersion>
			<DownloadVersionCheck>$Version = ((Get-item $TempDir\$DownloadFileName).VersionInfo.FileVersion).TrimStart().TrimEnd()
			$FullVersion = "$Version.0"</DownloadVersionCheck>
			<AppRepoFolder>Files</AppRepoFolder>
			<ExtraCopyFunctions></ExtraCopyFunctions>
		</Download>
	</Downloads>
	<DeploymentTypes>
		<DeploymentType Name="DeploymentType1">
			<DeploymentTypeName>Visual Studio Code x86</DeploymentTypeName>
			<InstallationType>Script</InstallationType>
			<CacheContent>False</CacheContent>
			<BranchCache>True</BranchCache>
			<ContentFallback>True</ContentFallback>
			<OnSlowNetwork>Download</OnSlowNetwork>
			<InstallProgram>Powershell.exe -ExecutionPolicy Bypass -File "Deploy-Application.ps1"</InstallProgram>
			<UninstallCmd>Powershell.exe -ExecutionPolicy Bypass -File "Deploy-Application.ps1" -DeploymentType Uninstall</UninstallCmd>
			<InstallationBehaviorType>InstallForSystem</InstallationBehaviorType>
			<LogonReqType>WhetherOrNotUserLoggedOn</LogonReqType>
			<UserInteractionMode>Normal</UserInteractionMode>
			<EstRuntimeMins>60</EstRuntimeMins>
			<MaxRuntimeMins>120</MaxRuntimeMins>
			<RebootBehavior>BasedOnExitCode</RebootBehavior>
			<DetectionMethodType>Custom</DetectionMethodType>
			<CustomDetectionMethods>
				<DetectionClause>
					<DetectionClauseType>File</DetectionClauseType>
					<Name>Code.exe</Name>
					<Path>%ProgramFiles(x86)%\Microsoft VS Code\</Path>
					<PropertyType>Version</PropertyType>
					<ExpectedValue>$FullVersion</ExpectedValue>
					<ExpressionOperator>IsEquals</ExpressionOperator>
					<Value>True</Value>
				</DetectionClause>
			</CustomDetectionMethods>
		</DeploymentType>
	</DeploymentTypes>
	<Distribution>
		<DistributeContent>False</DistributeContent>
	</Distribution>
	<Supersedence>
		<Supersedence>False</Supersedence>
	</Supersedence>
	<Deployment>
		<DeploySoftware>False</DeploySoftware>
	</Deployment>
</ApplicationDef>
