<ApplicationDef>
	<Application>
		<Name>VMWare Tools</Name>
		<Description>VMware Tools provide drivers and software to improve the integration of guest operating systems with the underlying hypervisor.</Description>
		<Publisher>VMware</Publisher>
		<AutoInstall>True</AutoInstall>
		<UserDocumentation>https://docs.vmware.com/en/VMware-Tools/</UserDocumentation>
		<Icon>VMware-Tools.ico</Icon>
		<UsePSADT>
			$AppVender = "VMWare"
			$AppName = "VMWare Tools"
			$AppArch = "x64"
			$AppLang = "EN"
			$AppRev = "01"
			$ScriptVer = "1.0.0"
			$ScriptDate = Get-Date -Format "MM/dd/yyyy"
			$ScriptAuth = "Harish Kakarla"
			$ReplaceAppVender = '[string]$appVendor = ''' + $AppVender + ''''
			$ReplaceAppName = '[string]$appName = ''' + $AppName + ''''
			$ReplaceAppVer = '[string]$appVersion = ''' + $Version + ''''
			$ReplaceAppArch = '[string]$appArch = ''' + $AppArch + ''''
			$ReplaceAppLang = '[string]$appLang = ''' + $AppLang + ''''
			$ReplaceAppRev = '[string]$appRevision = ''' + $AppRev + ''''
			$ReplaceScriptVer = '[string]$appScriptVersion = ''' + $ScriptVer + ''''
			$ReplaceScriptDate = '[string]$appScriptDate = ''' + $ScriptDate + ''''
			$ReplaceScriptAuth = '[string]$appScriptAuthor = ''' + $ScriptAuth + ''''
			$ReplaceInstallBehavior = ''
			$ReplacePreInstall =''
			$ReplaceInstall = "Execute-Process -Path 'VMware-Tools.exe' -Parameters '/s /v/qn REBOOT=R' -WindowStyle 'Hidden'"
			$ReplacePostInstall =''
			$ReplaceUninstallBehavior = ''
			$ReplacePreUninstall =''
			$ReplaceUninstall = "Execute-MSI -Action 'uninstall' -Path '{01767101-A688-4A95-9C83-6DED9EB6735D}' -Parameters '/s /v/qn REBOOT=R'"
			$ReplacePostUninstall =''
			$ReplacePreRepair=''
			$ReplaceRepair=''
			$ReplacePostRepair=''
		</UsePSADT>
	</Application>
	<Downloads>
		<Download DeploymentType="DeploymentType1">
			<PrefetchScript>[Net.ServicePointManager]::SecurityProtocol = [Net.SecurityProtocolType]::Tls12
			$URL = "https://packages.vmware.com/tools/releases/latest/windows/x64/$((invoke-webrequest https://packages.vmware.com/tools/releases/latest/windows/x64/ -UseBasicParsing | Select -ExpandProperty links | where -property href -like "VMware-tools-*.exe")[0].href)"
			</PrefetchScript>
			<URL></URL>
			<DownloadFileName>VMware-Tools.exe</DownloadFileName>
			<Version></Version>
			<FullVersion></FullVersion>
			<DownloadVersionCheck>
				$VersionDetails = (Get-item $TempDir\$DownloadFileName).VersionInfo
			    $Version = "{0}.{1}.{2}.{3}" -f $VersionDetails.ProductMajorPart,$VersionDetails.ProductMinorPart,$VersionDetails.ProductBuildPart,$VersionDetails.ProductPrivatePart
			</DownloadVersionCheck>
			<AppRepoFolder>Files</AppRepoFolder>
			<ExtraCopyFunctions></ExtraCopyFunctions>
		</Download>
	</Downloads>
	<DeploymentTypes>
		<DeploymentType Name="DeploymentType1">
			<DeploymentTypeName>VMware Tools</DeploymentTypeName>
			<InstallationType>Script</InstallationType>
			<CacheContent>False</CacheContent>
			<BranchCache>True</BranchCache>
			<ContentFallback>True</ContentFallback>
			<OnSlowNetwork>Download</OnSlowNetwork>
			<InstallProgram>Powershell.exe -ExecutionPolicy Bypass -File "Deploy-Application.ps1"</InstallProgram>
			<UninstallCmd>Powershell.exe -ExecutionPolicy Bypass -File "Deploy-Application.ps1" -DeploymentType Uninstall</UninstallCmd>
			<InstallationBehaviorType>InstallForSystem</InstallationBehaviorType>
			<LogonReqType>WhetherOrNotUserLoggedOn</LogonReqType>
			<UserInteractionMode>Normal</UserInteractionMode>
			<EstRuntimeMins>60</EstRuntimeMins>
			<MaxRuntimeMins>120</MaxRuntimeMins>
			<RebootBehavior>BasedOnExitCode</RebootBehavior>
			<DetectionMethodType>Custom</DetectionMethodType>
			<CustomDetectionMethods>
				<DetectionClause>
					<DetectionClauseType>File</DetectionClauseType>
					<Name>vmtoolsd.exe</Name>
					<Path>%ProgramFiles%\VMware\VMware Tools</Path>
					<PropertyType>Version</PropertyType>
					<ExpectedValue>$Version</ExpectedValue>
					<ExpressionOperator>GreaterEquals</ExpressionOperator>
					<Value>True</Value>
					<Is64Bit>False</Is64Bit>
				</DetectionClause>
			</CustomDetectionMethods>
		</DeploymentType>
	</DeploymentTypes>
	<Distribution>
		<DistributeContent>False</DistributeContent>
	</Distribution>
	<Deployment>
		<DeploySoftware>False</DeploySoftware>
	</Deployment>
</ApplicationDef>
