<ApplicationDef>
	<Application>
		<Name>ActivDriver</Name>
		<Description>ActivDriver is required for the following products: ActivBoard, ActivPanel, ActivWall, ActivHub (Student Response Devices, ActivSlate, ActivRemote) and ActivEngage2.</Description>
		<Publisher>Promethean</Publisher>
		<AutoInstall>True</AutoInstall>
		<UserDocumentation>https://support.prometheanworld.com/product/-activdriver-/</UserDocumentation>
		<Icon>ActivDriver.png</Icon>
		<FolderPath></FolderPath>
	</Application>
	<Downloads>
		<Download DeploymentType="DeploymentType1">
			<PrefetchScript>$URL = ((Invoke-WebRequest https://support.prometheanworld.com/product/-activdriver-/).Links | Where-Object OuterHTML -like "*ActivDriver (.MSI) for Windows 64-bit*").href.ToString() </PrefetchScript>
			<URL></URL>
			<DownloadFileName>ActivDriverx64.msi</DownloadFileName>
			<DownloadVersionCheck>$Version = ([string](Get-MSIInfo $DownloadFile -Property ProductVersion)).trim()</DownloadVersionCheck>
			<Version></Version>
			<FullVersion></FullVersion>
			<AppRepoFolder>x64</AppRepoFolder>
		</Download>
	</Downloads>
	<DeploymentTypes>
		<DeploymentType Name="DeploymentType1">
			<DeploymentTypeName>ActivDriver x64 MSI Silent Install</DeploymentTypeName>
			<InstallationType>MSI</InstallationType>
			<Comments></Comments>
			<CacheContent>True</CacheContent>
			<BranchCache>True</BranchCache>
			<ContentFallback>True</ContentFallback>
			<OnSlowNetwork>Download</OnSlowNetwork>
			<InstallProgram></InstallProgram>
			<InstallationMSI>ActivDriverx64.msi</InstallationMSI>
			<UninstallCmd>msiexec /x {5BADFA25-6913-4674-88AF-5826F079EC66} /qn</UninstallCmd>
			<Force32bit>False</Force32bit>
			<InstallationBehaviorType>InstallForSystem</InstallationBehaviorType>
			<LogonReqType>WhetherOrNotUserLoggedOn</LogonReqType>
			<UserInteractionMode>Hidden</UserInteractionMode>
			<ReqUserInteraction>False</ReqUserInteraction>
			<EstRuntimeMins>5</EstRuntimeMins>
			<MaxRuntimeMins>15</MaxRuntimeMins>
			<RebootBehavior>BasedOnExitCode</RebootBehavior>
			<DetectionMethodType>MSI</DetectionMethodType>
			<Requirements>
				<RuleName></RuleName>
			</Requirements>
			<InstallBehavior>
				<InstallBehaviorProcess DisplayName="ActivDriver">
					<InstallBehaviorExe>activmgr.exe</InstallBehaviorExe>
				</InstallBehaviorProcess>
			</InstallBehavior>
		</DeploymentType>
	</DeploymentTypes>
	<Distribution>
		<DistributeContent>True</DistributeContent>
		<DistributeToGroup></DistributeToGroup>
	</Distribution>
	<Supersedence>
		<Supersedence>True</Supersedence>
		<Uninstall>False</Uninstall>
	</Supersedence>
	<Deployment>
		<DeploySoftware></DeploySoftware>
		<DeploymentCollection></DeploymentCollection>
	</Deployment>
</ApplicationDef>