<ApplicationDef>
	<Application>
		<Name>Adobe Acrobat Reader DC</Name>
		<Description>More powerful than other PDF software, Adobe Acrobat Reader DC is the free, trusted standard for viewing, printing and annotating PDFs.</Description>
		<Publisher>Adobe</Publisher>
		<AutoInstall>True</AutoInstall>
		<UserDocumentation>https://acrobat.adobe.com/us/en/acrobat/pdf-reader.html</UserDocumentation>
		<Icon>AdobeReader.ico</Icon>
	</Application>
	<Downloads>
		<Download DeploymentType="DeploymentType1">
			<PrefetchScript>$latestVersion = (((Invoke-WebRequest https://www.adobe.com/devnet-docs/acrobatetk/tools/ReleaseNotesDC/index.html) |Select-Object -ExpandProperty Links | where {$_.outertext -like "2* Planned Update, *"} |where {$_.href -like "continuous*"}|Sort-Object -Property innerText -Descending).innerText).Split(" ").replace(".","")[0]
$LatestVersion = $latestVersion.Replace("x",5)
			$URL = "http://ardownload.adobe.com/pub/adobe/reader/win/AcrobatDC/$($latestVersion)/AcroRdrDC$($LatestVersion)_en_US.exe"
Add-LogContent $LatestVersion
Add-LogContent $URL</PrefetchScript>
			<URL></URL>
			<DownloadFileName>InstallReaderDC.exe</DownloadFileName>
			<Version></Version>
			<FullVersion></FullVersion>
			<DownloadVersionCheck>$Version = (((Get-item $TempDir\InstallReaderDC.exe).VersionInfo.FileVersion).Substring(0,10))
			$FileVersion = ((Get-item $TempDir\InstallReaderDC.exe).VersionInfo.FileVersion)</DownloadVersionCheck>
			<ExtraCopyFunctions>&amp; $ScriptRoot\7za.exe x "$TempDir\InstallReaderDC.exe" -o"$TempDir\AdobeReaderTemp" -y
			Copy-Item $TempDir\AdobeReaderTemp\* -Destination $DestinationPath -Force -Recurse
			# You can Create an Adobe Reader MST and have it copied here
			#copy-item $ScriptRoot\ExtraFiles\AdobeReaderDC\AcroRead.mst -Destination $DestinationPath\AcroRead.mst -Force -EA SilentlyContinue
			</ExtraCopyFunctions>
		</Download>
	</Downloads>
	<DeploymentTypes>
		<DeploymentType Name="DeploymentType1">
			<DeploymentTypeName>Adobe Reader DC Silent Install</DeploymentTypeName>
			<InstallationType>MSI</InstallationType>
			<CacheContent>False</CacheContent>
			<BranchCache>True</BranchCache>
			<ContentFallback>True</ContentFallback>
			<OnSlowNetwork>Download</OnSlowNetwork>
			<InstallProgram>Setup.exe</InstallProgram>
			<InstallationMSI>AcroRead.msi</InstallationMSI>
			<InstallationBehaviorType>InstallForSystem</InstallationBehaviorType>
			<LogonReqType>WhetherOrNotUserLoggedOn</LogonReqType>
			<UserInteractionMode>Hidden</UserInteractionMode>
			<EstRuntimeMins>15</EstRuntimeMins>
			<MaxRuntimeMins>60</MaxRuntimeMins>
			<RebootBehavior>BasedOnExitCode</RebootBehavior>
			<DetectionMethodType>MSI</DetectionMethodType>
			<CustomDetectionMethods>
				<DetectionClause>
					<DetectionClauseType>File</DetectionClauseType>
					<Name>AcroRd32.exe</Name>
					<Path>%ProgramFiles(x86)%\Adobe\Acrobat Reader DC\Reader</Path>
					<PropertyType>Version</PropertyType>
					<ExpectedValue>$FileVersion</ExpectedValue>
					<ExpressionOperator>IsEquals</ExpressionOperator>
					<Value>True</Value>
					<Is64Bit></Is64Bit>
				</DetectionClause>
			</CustomDetectionMethods>
		</DeploymentType>
	</DeploymentTypes>
	<Distribution>
		<DistributeContent>True</DistributeContent>
	</Distribution>
	<Deployment>
		<DeploySoftware>True</DeploySoftware>
	</Deployment>
</ApplicationDef>
