<ApplicationDef>
	<Application>
		<Name>Amazon WorkDocs Drive Client</Name>
		<Description>For Windows users, Amazon WorkDocs Drive provides a native experience in Windows File Explorer for accessing all Amazon WorkDocs content. With Amazon WorkDocs Drive, users get the power of the AWS Cloud on their desktops. They can access all of their folders and files with minimal use of local storage. Users don’t need to change the way they work, because they can see all of their folders and files in Windows File Explorer, which works just like the other files and folders on their desktop. Free install with account required for use.</Description>
		<Publisher>Amazon Web Services, Inc</Publisher>
		<AutoInstall>True</AutoInstall>
		<UserDocumentation>https://clients.amazonworkspaces.com/</UserDocumentation>
		<Icon>AWS.ico</Icon>
	</Application>
		<Downloads>
			<Download DeploymentType="DeploymentType1">
			<PrefetchScript>$URL = ((Invoke-WebRequest -Uri https://aws.amazon.com/workdocs/resources/ -UseBasicParsing).Links | where href -like *AWSWorkDocsDriveClient.msi).href</PrefetchScript>
			<URL></URL>
			<DownloadFileName>AWSWorkDocsDriveClient.msi</DownloadFileName>
			<Version></Version>
			<FullVersion></FullVersion>
			<DownloadVersionCheck>[String]$Version = ([String](Get-MSIInfo -Path $DownloadFile -Property ProductVersion)).TrimStart().TrimEnd()</DownloadVersionCheck>
			<ExtraCopyFunctions></ExtraCopyFunctions>
		</Download>
	</Downloads>
	<DeploymentTypes>
		<DeploymentType Name="DeploymentType1">
			<DeploymentTypeName>AWS Workdocs Silent Install</DeploymentTypeName>
			<InstallationType>MSI</InstallationType>
			<Comments>Silent Installer for Amazon Workspaces Client</Comments>
			<Language>English</Language>
			<CacheContent>False</CacheContent>
			<BranchCache>True</BranchCache>
			<ContentFallback>True</ContentFallback>
			<OnSlowNetwork>Download</OnSlowNetwork>
			<InstallProgram>msiexec /i `"AWSWorkDocsDriveClient.msi`" REBOOT=REALLYSUPPRESS /norestart /qn</InstallProgram>
			<InstallationMSI>AWSWorkDocsDriveClient.msi</InstallationMSI>
			<UninstallCmd></UninstallCmd>
			<Force32bit>False</Force32bit>
			<InstallationBehaviorType>InstallForSystem</InstallationBehaviorType>
			<LogonReqType>WhetherOrNotUserLoggedOn</LogonReqType>
			<UserInteractionMode>Hidden</UserInteractionMode>
			<ReqUserInteraction>False</ReqUserInteraction>
			<EstRuntimeMins>5</EstRuntimeMins>
			<MaxRuntimeMins>15</MaxRuntimeMins>
			<RebootBehavior>BasedOnExitCode</RebootBehavior>
			<DetectionMethodType>MSI</DetectionMethodType>
		</DeploymentType>
	</DeploymentTypes>
	<Distribution>
		<DistributeContent>True</DistributeContent>
	</Distribution>
	<Deployment>
		<DeploySoftware>True</DeploySoftware>
	</Deployment>
</ApplicationDef>