<ApplicationDef>
	<Application>
		<Name>Dell Command Monitor</Name>
		<Description>The Dell Command | Monitor software application enables IT administrators to easily manage fleet inventory, monitor system health, modify BIOS settings, and remotely collect information for deployed Dell client systems.</Description>
		<Publisher>Dell Inc.</Publisher>
		<AutoInstall>True</AutoInstall>
		<UserDocumentation>https://www.dell.com/support/article/en-us/sln311855/dell-command-monitor?lang=en</UserDocumentation>
		<Icon>DellBIOSProvider.png</Icon>
	</Application>
	<Downloads>
		<Download DeploymentType="DeploymentType1">
			<PrefetchScript>$content = Invoke-WebRequest https://www.dell.com/support/article/en-uk/sln311855/dell-command-monitor?lang=en 
			$URL = $content | Select-Object -ExpandProperty Links | Where-Object InnerText -eq '64 bit' | Select-Object -ExpandProperty href</PrefetchScript>
			<URL></URL>
			<DownloadFileName>Dell-Command-Monitor-64.exe</DownloadFileName>
			<Version></Version>
			<FullVersion></FullVersion>
			<DownloadVersionCheck>
			$Version = (Get-item $TempDir\$DownloadFileName).VersionInfo.ProductVersion
			Start-Process $TempDir\Dell-Command-Monitor-64.exe -ArgumentList '/s',"/e=$TempDir\DCMTemp" -Wait
			$DownloadFileName = 'Command_Monitor_x64.msi'
			$DownloadFile = "$TempDir\$DownloadFileName"
			Copy-Item "$TempDir\DCMTemp\$DownloadFileName" $DownloadFile -Force
			</DownloadVersionCheck>
			<AppRepoFolder>x64</AppRepoFolder>
			<ExtraCopyFunctions></ExtraCopyFunctions>
		</Download>
		<Download DeploymentType="DeploymentType2">
			<PrefetchScript>$URL = $content | Select-Object -ExpandProperty Links | Where-Object InnerText -eq '32 bit' | Select-Object -ExpandProperty href</PrefetchScript>
			<URL></URL>
			<DownloadFileName>Dell-Command-Monitor-32.exe</DownloadFileName>
			<Version></Version>
			<FullVersion></FullVersion>
			<DownloadVersionCheck>
			$Version = (Get-item $TempDir\$DownloadFileName).VersionInfo.ProductVersion
			Start-Process $TempDir\Dell-Command-Monitor-32.exe -ArgumentList '/s',"/e=$TempDir\DCMTemp" -Wait
			$DownloadFileName = 'Command_Monitor_x86.msi'
			$DownloadFile = "$TempDir\$DownloadFileName"
			Copy-Item "$TempDir\DCMTemp\$DownloadFileName" $DownloadFile -Force
			</DownloadVersionCheck>
			<AppRepoFolder>x86</AppRepoFolder>
			<ExtraCopyFunctions></ExtraCopyFunctions>
		</Download>
	</Downloads>
	<DeploymentTypes>
		<DeploymentType Name="DeploymentType1">
			<DeploymentTypeName>Dell Command Monitor x64 setup</DeploymentTypeName>
			<InstallationType>MSI</InstallationType>
			<CacheContent>False</CacheContent>
			<BranchCache>True</BranchCache>
			<ContentFallback>True</ContentFallback>
			<OnSlowNetwork>Download</OnSlowNetwork>
			<InstallProgram>msiexec /i Command_Monitor_x64.msi /qn /norestart /l*v install.log</InstallProgram>
			<InstallationMSI>Command_Monitor_x64.msi</InstallationMSI>
			<UninstallCmd>msiexec /x Command_Monitor_x64.msi /qn /norestart /l*v uninstall.log</UninstallCmd>
			<InstallationBehaviorType>InstallForSystem</InstallationBehaviorType>
			<LogonReqType>WhetherOrNotUserLoggedOn</LogonReqType>
			<UserInteractionMode>Hidden</UserInteractionMode>
			<EstRuntimeMins>15</EstRuntimeMins>
			<MaxRuntimeMins>60</MaxRuntimeMins>
			<RebootBehavior>BasedOnExitCode</RebootBehavior>
			<DetectionMethodType>MSI</DetectionMethodType>
			<RequirementsRules>
				<RequirementsRule>
					<RequirementsRuleType>Existential</RequirementsRuleType>
					<RequirementsRuleValue>
						<RuleValue>True</RuleValue>
					</RequirementsRuleValue>
					<RequirementsRuleGlobalCondition>AutoPackage - OSArchitecture x64</RequirementsRuleGlobalCondition>
				</RequirementsRule>
                <RequirementsRule>
                    <RequirementsRuleType>Existential</RequirementsRuleType>
                    <RequirementsRuleValue>
                        <RuleValue>True</RuleValue>
                    </RequirementsRuleValue>
                    <RequirementsRuleGlobalCondition>AutoPackage - DellBIOSProvider Prereq Check</RequirementsRuleGlobalCondition>
                </RequirementsRule>
			</RequirementsRules>
		</DeploymentType>
		<DeploymentType Name="DeploymentType2">
			<DeploymentTypeName>Dell Command Monitor x86 setup</DeploymentTypeName>
			<InstallationType>MSI</InstallationType>
			<CacheContent>False</CacheContent>
			<BranchCache>True</BranchCache>
			<ContentFallback>True</ContentFallback>
			<OnSlowNetwork>Download</OnSlowNetwork>
			<InstallProgram>msiexec /i Command_Monitor_x86.msi /qn /norestart /l*v install.log</InstallProgram>
			<InstallationMSI>Command_Monitor_x86.msi</InstallationMSI>
			<UninstallCmd>msiexec /x Command_Monitor_x86.msi /qn /norestart /l*v uninstall.log</UninstallCmd>
			<InstallationBehaviorType>InstallForSystem</InstallationBehaviorType>
			<LogonReqType>WhetherOrNotUserLoggedOn</LogonReqType>
			<UserInteractionMode>Hidden</UserInteractionMode>
			<EstRuntimeMins>15</EstRuntimeMins>
			<MaxRuntimeMins>60</MaxRuntimeMins>
			<RebootBehavior>BasedOnExitCode</RebootBehavior>
			<DetectionMethodType>MSI</DetectionMethodType>
			<RequirementsRules>
				<RequirementsRule>
					<RequirementsRuleType>Existential</RequirementsRuleType>
					<RequirementsRuleValue>
						<RuleValue>False</RuleValue>
					</RequirementsRuleValue>
					<RequirementsRuleGlobalCondition>AutoPackage - OSArchitecture x64</RequirementsRuleGlobalCondition>
				</RequirementsRule>
                <RequirementsRule>
                    <RequirementsRuleType>Existential</RequirementsRuleType>
                    <RequirementsRuleValue>
                        <RuleValue>True</RuleValue>
                    </RequirementsRuleValue>
                    <RequirementsRuleGlobalCondition>AutoPackage - DellBIOSProvider Prereq Check</RequirementsRuleGlobalCondition>
                </RequirementsRule>
			</RequirementsRules>
		</DeploymentType>
	</DeploymentTypes>
	<Distribution>
		<DistributeContent>True</DistributeContent>
	</Distribution>
	<Supersedence>
		<Supersedence>True</Supersedence>
	</Supersedence>
	<Deployment>
		<DeploySoftware>True</DeploySoftware>
	</Deployment>
</ApplicationDef>
