<ApplicationDef>
	<Application>
		<Name>FileZilla</Name>
		<Description>The free FTP solution</Description>
		<Publisher>FileZilla Project</Publisher>
		<AutoInstall>True</AutoInstall>
		<UserDocumentation>https://filezilla-project.org/</UserDocumentation>
		<Icon>filezilla.png</Icon>
	</Application>
	<Downloads>
		<Download DeploymentType="DeploymentType1">
			<PrefetchScript>$URL = Invoke-WebRequest 'https://filezilla-project.org/download.php?show_all=1' -UseBasicParsing | Select-Object -ExpandProperty Links | Where-Object href -like '*win64-setup.exe*' | Select-Object -First 1 -ExpandProperty href</PrefetchScript>
			<URL></URL>
			<DownloadFileName>FileZilla-win64-setup.exe</DownloadFileName>
			<Version></Version>
			<FullVersion></FullVersion>
			<DownloadVersionCheck>$Version = (Get-item $TempDir\$DownloadFileName).VersionInfo.FileVersion</DownloadVersionCheck>
			<ExtraCopyFunctions></ExtraCopyFunctions>
		</Download>
		<Download DeploymentType="DeploymentType2">
		<PrefetchScript>$URL = Invoke-WebRequest 'https://filezilla-project.org/download.php?show_all=1' -UseBasicParsing | Select-Object -ExpandProperty Links | Where-Object href -like '*win32-setup.exe*' | Select-Object -First 1 -ExpandProperty href</PrefetchScript>
			<URL></URL>
			<DownloadFileName>FileZilla-win32-setup.exe</DownloadFileName>
			<Version></Version>
			<FullVersion></FullVersion>
			<DownloadVersionCheck>$Version = (Get-item $TempDir\$DownloadFileName).VersionInfo.FileVersion</DownloadVersionCheck>
			<ExtraCopyFunctions></ExtraCopyFunctions>
		</Download>
	</Downloads>
	<DeploymentTypes>
		<DeploymentType Name="DeploymentType1">
			<DeploymentTypeName>FileZilla win64 setup</DeploymentTypeName>
			<InstallationType>Script</InstallationType>
			<CacheContent>False</CacheContent>
			<BranchCache>True</BranchCache>
			<ContentFallback>True</ContentFallback>
			<OnSlowNetwork>Download</OnSlowNetwork>
			<InstallProgram>FileZilla-win64-setup.exe /S</InstallProgram>
			<UninstallCmd>`"%ProgramFiles%\FileZilla FTP Client\Uninstall.exe`" /S</UninstallCmd>
			<InstallationBehaviorType>InstallForSystem</InstallationBehaviorType>
			<LogonReqType>WhetherOrNotUserLoggedOn</LogonReqType>
			<UserInteractionMode>Hidden</UserInteractionMode>
			<EstRuntimeMins>15</EstRuntimeMins>
			<MaxRuntimeMins>60</MaxRuntimeMins>
			<RebootBehavior>BasedOnExitCode</RebootBehavior>
			<DetectionMethodType>Custom</DetectionMethodType>
			<CustomDetectionMethods>
				<DetectionClause>
					<DetectionClauseType>File</DetectionClauseType>
					<Name>FileZilla.exe</Name>
					<Path>%ProgramFiles%\FileZilla FTP Client</Path>
					<PropertyType>Version</PropertyType>
					<ExpectedValue>$Version</ExpectedValue>
					<ExpressionOperator>GreaterEquals</ExpressionOperator>
					<Value>True</Value>
				</DetectionClause>
			</CustomDetectionMethods>
			<RequirementsRules>
				<RequirementsRule>
					<RequirementsRuleType>Existential</RequirementsRuleType>
					<RequirementsRuleValue>
						<RuleValue>True</RuleValue>
					</RequirementsRuleValue>
					<RequirementsRuleGlobalCondition>AutoPackage - OSArchitecture x64</RequirementsRuleGlobalCondition>
				</RequirementsRule>
			</RequirementsRules>
		</DeploymentType>
		<DeploymentType Name="DeploymentType2">
			<DeploymentTypeName>FileZilla win32 setup</DeploymentTypeName>
			<InstallationType>Script</InstallationType>
			<CacheContent>False</CacheContent>
			<BranchCache>True</BranchCache>
			<ContentFallback>True</ContentFallback>
			<OnSlowNetwork>Download</OnSlowNetwork>
			<InstallProgram>FileZilla-win32-setup.exe /S</InstallProgram>
			<UninstallCmd>`"%ProgramFiles(x86)%\FileZilla FTP Client\Uninstall.exe`" /S</UninstallCmd>
			<InstallationBehaviorType>InstallForSystem</InstallationBehaviorType>
			<LogonReqType>WhetherOrNotUserLoggedOn</LogonReqType>
			<UserInteractionMode>Hidden</UserInteractionMode>
			<EstRuntimeMins>15</EstRuntimeMins>
			<MaxRuntimeMins>60</MaxRuntimeMins>
			<RebootBehavior>BasedOnExitCode</RebootBehavior>
			<DetectionMethodType>Custom</DetectionMethodType>
			<CustomDetectionMethods>
				<DetectionClause>
					<DetectionClauseType>File</DetectionClauseType>
					<Name>FileZilla.exe</Name>
					<Path>%ProgramFiles(x86)%\FileZilla FTP Client</Path>
					<PropertyType>Version</PropertyType>
					<ExpectedValue>$Version</ExpectedValue>
					<ExpressionOperator>GreaterEquals</ExpressionOperator>
					<Value>True</Value>
				</DetectionClause>
			</CustomDetectionMethods>
			<RequirementsRules>
				<RequirementsRule>
					<RequirementsRuleType>Existential</RequirementsRuleType>
					<RequirementsRuleValue>
						<RuleValue>False</RuleValue>
					</RequirementsRuleValue>
					<RequirementsRuleGlobalCondition>AutoPackage - OSArchitecture x64</RequirementsRuleGlobalCondition>
				</RequirementsRule>
			</RequirementsRules>
		</DeploymentType>
	</DeploymentTypes>
	<Distribution>
		<DistributeContent>True</DistributeContent>
	</Distribution>
	<Supersedence>
		<Supersedence>True</Supersedence>
	</Supersedence>
	<Deployment>
		<DeploySoftware>True</DeploySoftware>
	</Deployment>
</ApplicationDef>
