<ApplicationDef>
	<Application>
		<Name>Glimpse Editor</Name>
		<Description>Glimpse is an open source image editor based on the GNU Image Manipulation Program. The goal is to experiment with new ideas and expand the use of free software.</Description>
		<Publisher>Xibo Signage</Publisher>
		<AutoInstall>True</AutoInstall>
		<UserDocumentation>https://glimpse-editor.org/</UserDocumentation>
		<Icon>Glimpse.png</Icon>
		<FolderPath></FolderPath>
	</Application>
	<Downloads>
		<Download DeploymentType="DeploymentType1">
			<PrefetchScript>[Net.ServicePointManager]::SecurityProtocol = [Net.SecurityProtocolType]::Tls12
            $URL = "https://github.com$((Invoke-WebRequest https://github.com/glimpse-editor/Glimpse/releases/latest -UseBasicParsing | Select -expand links | ? href -like "*.msi"| Sort-Object href -Descending)[0].href.ToString())"</PrefetchScript>
			<URL></URL>
			<DownloadFileName>GlimpseEditor.msi</DownloadFileName>
			<DownloadVersionCheck>$Version = ([String](Get-MSIInfo $DownloadFile -Property ProductVersion)).Trim()</DownloadVersionCheck>
			<Version></Version>
			<FullVersion></FullVersion>
			<AppRepoFolder></AppRepoFolder>
			<ExtraCopyFunctions></ExtraCopyFunctions>
		</Download>
	</Downloads>
	<DeploymentTypes>
		<DeploymentType Name="DeploymentType1">
			<DeploymentTypeName>Silently install Glimpse</DeploymentTypeName>
			<InstallationType>MSI</InstallationType>
			<Comments></Comments>
			<CacheContent>True</CacheContent>
			<BranchCache>True</BranchCache>
			<ContentFallback>True</ContentFallback>
			<OnSlowNetwork>Download</OnSlowNetwork>
			<InstallProgram></InstallProgram>
			<InstallationMSI>GlimpseEditor.msi</InstallationMSI>
			<Force32bit>False</Force32bit>
			<InstallationBehaviorType>InstallForSystem</InstallationBehaviorType>
			<LogonReqType>WhetherOrNotUserLoggedOn</LogonReqType>
			<UserInteractionMode>Hidden</UserInteractionMode>
			<ReqUserInteraction>False</ReqUserInteraction>
			<EstRuntimeMins>5</EstRuntimeMins>
			<MaxRuntimeMins>15</MaxRuntimeMins>
			<RebootBehavior>ForceReboot</RebootBehavior>
			<DetectionMethodType>Custom</DetectionMethodType>
			<ScriptLanguage></ScriptLanguage>
			<DetectionMethod>MSI</DetectionMethod>
			<InstallBehavior>
				<InstallBehaviorProcess DisplayName="Glimpse Editor">
					<InstallBehaviorExe>Glimpse.exe</InstallBehaviorExe>
				</InstallBehaviorProcess>
			</InstallBehavior>
		</DeploymentType>
	</DeploymentTypes>
	<Distribution>
		<DistributeContent>True</DistributeContent>
	</Distribution>
	<Supersedence>
		<Supersedence>True</Supersedence>
		<Uninstall>False</Uninstall>
	</Supersedence>
	<Deployment>
		<DeploySoftware>False</DeploySoftware>
		<DeploymentCollection></DeploymentCollection>
	</Deployment>
</ApplicationDef>