<ApplicationDef>
	<Application>
		<Name>Google Backup and Sync</Name>
		<Description>Upload and store files from any folder on your computer, camera, and SD cards in the cloud. You can find your content on any phone, tablet, or computer using Google Drive, and your photos and videos in Google Photos.</Description>
		<Publisher>Google Inc.</Publisher>
		<AutoInstall>True</AutoInstall>
		<UserDocumentation>https://support.google.com/a/answer/2490101?hl=en</UserDocumentation>
		<Icon>gsync.ico</Icon>
	</Application>
	<Downloads>
		<Download DeploymentType="DeploymentType1">
			<PrefetchScript></PrefetchScript>
			<URL>https://dl.google.com/drive/gsync_enterprise.msi</URL>
			<Version></Version>
			<FullVersion></FullVersion>
			<DownloadFileName>gsync_enterprise.msi</DownloadFileName>
			<DownloadVersionCheck>$Version = ([String](Get-MSIInfo -Path $TempDir\gsync_enterprise.msi -Property ProductVersion)).TrimStart().TrimEnd()</DownloadVersionCheck>
			<ExtraCopyFunctions></ExtraCopyFunctions>
		</Download>
	</Downloads>
	<DeploymentTypes>
		<DeploymentType Name="DeploymentType1">
			<DeploymentTypeName>Google Backup and Sync Silent Install</DeploymentTypeName>
			<InstallationType>MSI</InstallationType>
			<CacheContent>False</CacheContent>
			<BranchCache>True</BranchCache>
			<ContentFallback>True</ContentFallback>
			<OnSlowNetwork>Download</OnSlowNetwork>
			<InstallationMSI>gsync_enterprise.msi</InstallationMSI>
			<UninstallCmd></UninstallCmd>
			<InstallationBehaviorType>InstallForSystem</InstallationBehaviorType>
			<LogonReqType>WhetherOrNotUserLoggedOn</LogonReqType>
			<UserInteractionMode>Hidden</UserInteractionMode>
			<EstRuntimeMins>15</EstRuntimeMins>
			<MaxRuntimeMins>30</MaxRuntimeMins>
			<RebootBehavior>BasedOnExitCode</RebootBehavior>
			<DetectionMethodType>MSI</DetectionMethodType>
		</DeploymentType>
	</DeploymentTypes>
	<Distribution>
		<DistributeContent>True</DistributeContent>
	</Distribution>
	<Deployment>
		<DeploySoftware>True</DeploySoftware>
	</Deployment>
</ApplicationDef>