<ApplicationDef>
	<Application>
		<Name>Google Earth Pro</Name>
		<Description>Google Earth Pro on desktop is free for users with advanced feature needs. Import and export GIS data, and go back in time with historical imagery. Available on PC, Mac, or Linux. Free Software.</Description>
		<Publisher>Google Inc.</Publisher>
		<AutoInstall>True</AutoInstall>
		<UserDocumentation>https://support.google.com/earth/answer/168344</UserDocumentation>
		<Icon>googleearth_201.ico</Icon>
	</Application>
	<Downloads>
		<Download DeploymentType="DeploymentType1">
			<PrefetchScript>$URL = ((Invoke-WebRequest -Uri https://support.google.com/earth/answer/168344 -UseBasicParsing).links | where href -like "*-x64.exe" | sort href -Descending)[0].href</PrefetchScript>
			<URL></URL>
			<DownloadFileName>GoogleEarthProInstallerx64.exe</DownloadFileName>
			<DownloadVersionCheck>Start-Process $TempDir\GoogleEarthProInstallerx64.exe -ArgumentList "OMAHA=1" -wait
			$MSIFiles = Get-ChildItem C:\Windows\Installer | where name -like "*.msi" | Sort-Object -Property LastWriteTime -Descending
			foreach ($MSI in $MSIFiles){
				if ($(Get-MSIInfo -Path $MSI.FullName -Property ProductName) -eq "Google Earth Pro"){
					Write-Verbose "Google Earth Pro Found!"
					$MSIFileName = $MSI.FullName
					$MSIProductCode = Get-MSIInfo -Path $MSI.FullName -Property ProductCode
					$Version = ([string](Get-MSIInfo -Path $MSI.FullName -Property ProductVersion)).TrimStart().TrimEnd()
					break
				}
			}
			write-host $MSIFileName $Version $DestinationPath\GoogleEarthProInstallerx64.msi
			Copy-Item $MSIFileName -Destination $TempDir\GoogleEarthProInstallerx64.msi -force
			Start-Process msiexec.exe -ArgumentList "/x$MSIProductCode /qn" -wait
			</DownloadVersionCheck>
			<FullVersion></FullVersion>
			<Version></Version>
			<ExtraCopyFunctions>Copy-Item $TempDir\GoogleEarthProInstallerx64.msi -Destination "$DestinationPath\GoogleEarthProInstallerx64.msi" -force</ExtraCopyFunctions>
		</Download>
		<Download DeploymentType="DeploymentType2">
			<PrefetchScript>$URL = (((Invoke-WebRequest -Uri https://support.google.com/earth/answer/168344 -UseBasicParsing).links | where href -like "*current*.exe"| where href -notlike "*x64.exe").href)[0]</PrefetchScript>
			<URL></URL>
			<DownloadFileName>GoogleEarthProInstallerx86.exe</DownloadFileName>
			<DownloadVersionCheck>Start-Process $TempDir\GoogleEarthProInstallerx86.exe -ArgumentList "OMAHA=1" -wait
			$MSIFiles = Get-ChildItem C:\Windows\Installer | where name -like "*.msi" | Sort-Object -Property LastWriteTime -Descending
			foreach ($MSI in $MSIFiles){
				if ($(Get-MSIInfo -Path $MSI.FullName -Property ProductName) -eq "Google Earth Pro"){
					Write-Host "Google Earth Pro Found!"
					$MSIFileName = $MSI.FullName
					$MSIProductCode = Get-MSIInfo -Path $MSI.FullName -Property ProductCode
					$Version = ([string](Get-MSIInfo -Path $MSI.FullName -Property ProductVersion)).TrimStart().TrimEnd()
					break
				}
			}
			write-host $MSIFileName $Version
			Copy-Item $MSIFileName -Destination "$TempDir\GoogleEarthProInstallerx86.msi" -force
			Start-Process msiexec.exe -ArgumentList "/x$MSIProductCode /qn" -wait
			</DownloadVersionCheck>
			<FullVersion></FullVersion>
			<Version></Version>
			<ExtraCopyFunctions>Copy-Item $TempDir\GoogleEarthProInstallerx86.msi -Destination "$DestinationPath\GoogleEarthProInstallerx86.msi" -force</ExtraCopyFunctions>
		</Download>
	</Downloads>
	<DeploymentTypes>
		<DeploymentType Name="DeploymentType1">
			<DeploymentTypeName>Google Earth Pro Silent Install x64</DeploymentTypeName>
			<InstallationType>MSI</InstallationType>
			<Comments>Silent Installer for Google Earth Pro</Comments>
			<Language>English</Language>
			<CacheContent>False</CacheContent>
			<BranchCache>True</BranchCache>
			<ContentFallback>True</ContentFallback>
			<OnSlowNetwork>Download</OnSlowNetwork>
			<InstallProgram>msiexec /i GoogleEarthProInstallerx64.msi /qn /norestart</InstallProgram>
			<InstallationMSI>GoogleEarthProInstallerx64.msi</InstallationMSI>
			<UninstallCmd></UninstallCmd>
			<Force32bit>False</Force32bit>
			<InstallationBehaviorType>InstallForSystem</InstallationBehaviorType>
			<LogonReqType>WhetherOrNotUserLoggedOn</LogonReqType>
			<UserInteractionMode>Hidden</UserInteractionMode>
			<ReqUserInteraction>False</ReqUserInteraction>
			<EstRuntimeMins>15</EstRuntimeMins>
			<MaxRuntimeMins>45</MaxRuntimeMins>
			<RebootBehavior>BasedOnExitCode</RebootBehavior>
			<DetectionMethodType>MSI</DetectionMethodType>
			<RequirementsRules>
				<RequirementsRule>
					<RequirementsRuleType>Existential</RequirementsRuleType>
					<RequirementsRuleValue>
						<RuleValue>True</RuleValue>
					</RequirementsRuleValue>
					<RequirementsRuleGlobalCondition>AutoPackage - OSArchitecture x64</RequirementsRuleGlobalCondition>
				</RequirementsRule>
			</RequirementsRules>
		</DeploymentType>
		<DeploymentType Name="DeploymentType2">
			<DeploymentTypeName>Google Earth Pro Silent Install x86</DeploymentTypeName>
			<InstallationType>MSI</InstallationType>
			<Comments>Silent Installer for Google Earth Pro</Comments>
			<Language>English</Language>
			<CacheContent>False</CacheContent>
			<BranchCache>True</BranchCache>
			<ContentFallback>True</ContentFallback>
			<OnSlowNetwork>Download</OnSlowNetwork>
			<InstallProgram>msiexec /i GoogleEarthProInstallerx86.msi /qn /norestart</InstallProgram>
			<InstallationMSI>GoogleEarthProInstallerx86.msi</InstallationMSI>
			<UninstallCmd></UninstallCmd>
			<Force32bit>False</Force32bit>
			<InstallationBehaviorType>InstallForSystem</InstallationBehaviorType>
			<LogonReqType>WhetherOrNotUserLoggedOn</LogonReqType>
			<UserInteractionMode>Hidden</UserInteractionMode>
			<ReqUserInteraction>False</ReqUserInteraction>
			<EstRuntimeMins>15</EstRuntimeMins>
			<MaxRuntimeMins>45</MaxRuntimeMins>
			<RebootBehavior>BasedOnExitCode</RebootBehavior>
			<DetectionMethodType>MSI</DetectionMethodType>
		</DeploymentType>
	</DeploymentTypes>
	<Distribution>
		<DistributeContent>False</DistributeContent>
	</Distribution>
	<Deployment>
		<DeploySoftware>False</DeploySoftware>
	</Deployment>
</ApplicationDef>