<ApplicationDef>
	<!-- Recipe Provided by user: TheProle -->
    <Application>
        <Name>HipChat</Name>
        <Description>Hipchat is team communication: group and 1 to 1 chat, video chat, and screen sharing</Description>
        <Publisher>Atlassian</Publisher>
        <AutoInstall>True</AutoInstall>
        <UserDocumentation>https://confluence.atlassian.com/hipchat/hipchat-documentation-740262341.html</UserDocumentation>
        <Icon>hipchat-icon.png</Icon>
    </Application>
    <Downloads>
        <Download DeploymentType="DeploymentType1">
            <PrefetchScript></PrefetchScript>
            <URL>https://www.hipchat.com/downloads/latest/newqtwindows</URL>
            <DownloadFileName>HipChat.exe</DownloadFileName>
            <Version></Version>
            <FullVersion></FullVersion>
            <DownloadVersionCheck>$Version = ((Get-item $TempDir\$DownloadFileName).VersionInfo.ProductVersion).TrimStart().TrimEnd()</DownloadVersionCheck>
            <ExtraCopyFunctions></ExtraCopyFunctions>
        </Download>
    </Downloads>
    <DeploymentTypes>
        <DeploymentType Name="DeploymentType1">
            <DeploymentTypeName>HipChat</DeploymentTypeName>
            <InstallationType>Script</InstallationType>
            <CacheContent>False</CacheContent>
            <BranchCache>True</BranchCache>
            <ContentFallback>True</ContentFallback>
            <OnSlowNetwork>Download</OnSlowNetwork>
            <InstallProgram>HipChat.exe /VERYSILENT /NORESTART</InstallProgram>
            <UninstallCmd>`"%ProgramFiles(x86)%\Atlassian\HipChat4\unins000.exe`" /VERYSILENT</UninstallCmd>
            <InstallationBehaviorType>InstallForSystem</InstallationBehaviorType>
            <LogonReqType>WhetherOrNotUserLoggedOn</LogonReqType>
            <UserInteractionMode>Hidden</UserInteractionMode>
            <EstRuntimeMins>10</EstRuntimeMins>
            <MaxRuntimeMins>30</MaxRuntimeMins>
            <RebootBehavior>BasedOnExitCode</RebootBehavior>
            <DetectionMethodType>Custom</DetectionMethodType>
            <CustomDetectionMethods>
                <DetectionClause>
                    <DetectionClauseType>File</DetectionClauseType>
                    <Name>HipChat.exe</Name>
                    <Path>%ProgramFiles(x86)%\Atlassian\HipChat4\</Path>
                    <PropertyType>Version</PropertyType>
                    <ExpectedValue>$Version</ExpectedValue>
                    <ExpressionOperator>GreaterEquals</ExpressionOperator>
                    <Value>True</Value>
                </DetectionClause>
            </CustomDetectionMethods>
        </DeploymentType>
    </DeploymentTypes>
    <Distribution>
        <DistributeContent>False</DistributeContent>
        <DistributeToGroup></DistributeToGroup>
    </Distribution>
    <Deployment>
        <DeploySoftware>False</DeploySoftware>
        <DeploymentCollection></DeploymentCollection>
    </Deployment>
</ApplicationDef>