<ApplicationDef>
	<Application>
		<Name>Microsoft SetupDiag</Name>
		<Description>Runs the SetupDiag tool to troubleshoot Windows 10 Upgrade issues, Outputs results to C:\Windows10UpgradeDiags folder.</Description>
		<Publisher>Microsoft</Publisher>
		<AutoInstall>True</AutoInstall>
		<UserDocumentation>https://docs.microsoft.com/en-us/windows/deployment/upgrade/setupdiag</UserDocumentation>
		<Icon>SetupDiag.ico</Icon>
	</Application>
	<Downloads>
		<Download DeploymentType="DeploymentType1">
			<URL>https://go.microsoft.com/fwlink/?linkid=870142</URL>
			<DownloadFileName>SetupDiag.exe</DownloadFileName>
			<DownloadVersionCheck>$Version = ((Get-item $TempDir\$DownloadFileName).VersionInfo.ProductVersion).TrimStart().TrimEnd()</DownloadVersionCheck>
			<FullVersion></FullVersion>
			<Version></Version>
			<ExtraCopyFunctions>Copy-Item $ScriptRoot\ExtraFiles\SetupDiag\* -Destination $DestinationPath -Recurse -Force</ExtraCopyFunctions>
		</Download>
	</Downloads>
	<DeploymentTypes>
		<DeploymentType Name="DeploymentType1">
			<DeploymentTypeName>Run the SetupDiag tool</DeploymentTypeName>
			<InstallationType>Script</InstallationType>
			<Comments>Runs the SetupDiag tool, Outputs results to C:\Windows10UpgradeDiags folder.</Comments>
			<Language>English</Language>
			<CacheContent>False</CacheContent>
			<BranchCache>True</BranchCache>
			<ContentFallback>True</ContentFallback>
			<OnSlowNetwork>Download</OnSlowNetwork>
			<InstallProgram>powershell -ExecutionPolicy Bypass .\runSetupDiag.ps1</InstallProgram>
			<UninstallCmd>powershell -ExecutionPolicy Bypass .\cleanup.ps1</UninstallCmd>
			<Force32bit>False</Force32bit>
			<InstallationBehaviorType>InstallForSystem</InstallationBehaviorType>
			<LogonReqType>WhetherOrNotUserLoggedOn</LogonReqType>
			<UserInteractionMode>Hidden</UserInteractionMode>
			<ReqUserInteraction>False</ReqUserInteraction>
			<EstRuntimeMins>15</EstRuntimeMins>
			<MaxRuntimeMins>45</MaxRuntimeMins>
			<RebootBehavior>BasedOnExitCode</RebootBehavior>
			<DetectionMethodType>Custom</DetectionMethodType>
			<CustomDetectionMethods>
				<DetectionClause>
					<DetectionClauseType>Directory</DetectionClauseType>
					<Name>Windows10UpgradeDiags</Name>
					<Path>C:\</Path>
					<Existence>True</Existence>
				</DetectionClause>
			</CustomDetectionMethods>
			<Dependencies>
				<DependencyGroup GroupName="DotNet4.6 Dependency Group">
					<DependencyGroupApp AppName="Microsoft .Net 4.6*">
						<DependencyDepType>Silent Installer for DotNet Framework 4.6</DependencyDepType>
						<DependencyAutoInstall>True</DependencyAutoInstall>
					</DependencyGroupApp>
				</DependencyGroup>
			</Dependencies>
		</DeploymentType>
	</DeploymentTypes>
	<Distribution>
		<DistributeContent>True</DistributeContent>
	</Distribution>
	<Deployment>
		<DeploySoftware>True</DeploySoftware>
	</Deployment>
</ApplicationDef>