<ApplicationDef>
	<Application>
		<Name>Configuration Manager Console</Name>
		<Description>Administrators use the Configuration Manager console to manage the Configuration Manager environment.</Description>
		<Publisher>Microsoft Corporation</Publisher>
		<AutoInstall>True</AutoInstall>
		<UserDocumentation>https://docs.microsoft.com/en-us/mem/configmgr/</UserDocumentation>
		<Icon>ConfigMgr.png</Icon>
	</Application>
	<Downloads>
		<Download DeploymentType="DeploymentType1">
        <!-- $Version is needed for output path -->
        <!-- $Download.Version is needed for application's name etc -->
			<!-- The Console installer versions are not changed for hotfixes, -->
			<!-- so the installed files are the only way to accurately ID the version. -->
			<PrefetchScript>$DownloadFile = '\\' + $SiteServer + '\SMS_' + $SiteCode + '\tools\ConsoleSetup\*'
			$installer = Get-ChildItem $DownloadFile -Filter 'AdminConsole.msi' | Select-Object -ExpandProperty FullName
			$Version = Get-MSISourceFileVersion -Msi $installer -FileName 'ConBlder.exe|AdminUI.ConsoleBuilder.exe'
			$Download.Version = [string]$Version
			$ApplicationSWVersion = $Download.Version
			$AssociatedDeploymentType = $Recipe.ApplicationDef.DeploymentTypes.DeploymentType| Where-Object DeploymentType -eq $DepTypeName
			$AssociatedDeploymentType.InstallProgram = 'ConsoleSetup.exe /q TargetDir="%ProgramFiles(x86)%\Microsoft Configuration Manager\AdminConsole" DefaultSiteServerName="{0}"' -f $SiteServer
			</PrefetchScript>
			<!-- <URL></URL> -->
			<!-- <DownloadFileName></DownloadFileName> -->
			<Version></Version>
			<!-- <FullVersion></FullVersion> -->
			<!-- <DownloadVersionCheck></DownloadVersionCheck> -->
			<!-- <ExtraCopyFunctions></ExtraCopyFunctions> -->
		</Download>
	</Downloads>
	<DeploymentTypes>
		<DeploymentType Name="DeploymentType1">
			<DeploymentTypeName>ConfigMgr Console setup</DeploymentTypeName>
			<InstallationType>Script</InstallationType>
			<CacheContent>False</CacheContent>
			<BranchCache>True</BranchCache>
			<ContentFallback>True</ContentFallback>
			<OnSlowNetwork>Download</OnSlowNetwork>
			<InstallProgram></InstallProgram>
			<UninstallCmd>ConsoleSetup.exe /uninstall /q</UninstallCmd>
			<InstallationBehaviorType>InstallForSystem</InstallationBehaviorType>
			<LogonReqType>WhetherOrNotUserLoggedOn</LogonReqType>
			<UserInteractionMode>Hidden</UserInteractionMode>
			<EstRuntimeMins>15</EstRuntimeMins>
			<MaxRuntimeMins>60</MaxRuntimeMins>
			<RebootBehavior>BasedOnExitCode</RebootBehavior>
			<DetectionMethodType>Custom</DetectionMethodType>
			<CustomDetectionMethods>
				<DetectionClause>
					<DetectionClauseType>File</DetectionClauseType>
					<Name>AdminUI.ConsoleBuilder.exe</Name>
					<Path>%ProgramFiles(x86)%\Microsoft Configuration Manager\AdminConsole\bin</Path>
					<PropertyType>Version</PropertyType>
					<ExpectedValue>$Version</ExpectedValue>
					<ExpressionOperator>GreaterEquals</ExpressionOperator>
					<Value>True</Value>
				</DetectionClause>
			</CustomDetectionMethods>
			<RequirementsRules>
				<RequirementsRule>
					<RequirementsRuleType>Existential</RequirementsRuleType>
					<RequirementsRuleValue>
						<RuleValue>True</RuleValue>
					</RequirementsRuleValue>
					<RequirementsRuleGlobalCondition>AutoPackage - OSArchitecture x64</RequirementsRuleGlobalCondition>
				</RequirementsRule>
			</RequirementsRules>
		</DeploymentType>
	</DeploymentTypes>
	<Distribution>
		<DistributeContent>True</DistributeContent>
	</Distribution>
	<Supersedence>
		<Supersedence>True</Supersedence>
	</Supersedence>
	<Deployment>
		<DeploySoftware>True</DeploySoftware>
	</Deployment>
</ApplicationDef>
