<ApplicationDef>
	<Application>
		<Name>Mozilla Firefox Developer Edition</Name>
		<Description>The Firefox Developer Edition is a version of Firefox that's tailored for web developers. It includes: the latest Firefox features: Firefox Developer Edition replaces the old Aurora channel. Each new release includes features which have been stabilized via nightly builds. Free Software.</Description>
		<Publisher>Mozilla</Publisher>
		<AutoInstall>True</AutoInstall>
		<UserDocumentation>https://www.mozilla.org/en-US/firefox/developer/all/</UserDocumentation>
		<Icon>FirefoxDev.ico</Icon>
	</Application>
	<Downloads>
		<Download DeploymentType="DeploymentType1">
			<URL>https://download.mozilla.org/?product=firefox-devedition-latest-ssl&amp;os=win64&amp;lang=en-US</URL>
			<DownloadFileName>FirefoxDevEdition.exe</DownloadFileName>
			<DownloadVersionCheck>&amp; $ScriptRoot\7za.exe x "$TempDir\FirefoxDEVEdition.exe" -o"$TempDir\FirefoxDEVEdition" -y
			$Version = (get-item $TempDir\FirefoxDEVEdition\Setup.exe).VersionInfo.ProductVersion
			$FullVersion = (Get-item $TempDir\FirefoxDEVEdition\core\firefox.exe).VersionInfo.FileVersionRaw
			</DownloadVersionCheck>
			<FullVersion></FullVersion>
			<Version></Version>
		</Download>
	</Downloads>
	<DeploymentTypes>
		<DeploymentType Name="DeploymentType1">
			<DeploymentTypeName>Firefox Quantum Developer Edition x64 Silent Install</DeploymentTypeName>
			<InstallationType>Script</InstallationType>
			<CacheContent>False</CacheContent>
			<BranchCache>True</BranchCache>
			<ContentFallback>True</ContentFallback>
			<OnSlowNetwork>Download</OnSlowNetwork>
			<InstallProgram>FirefoxDevEdition.exe -ms</InstallProgram>
			<UninstallCmd>`"%ProgramFiles%\Firefox Developer Edition\uninstall\helper.exe`" -ms</UninstallCmd>
			<InstallationBehaviorType>InstallForSystem</InstallationBehaviorType>
			<LogonReqType>WhetherOrNotUserLoggedOn</LogonReqType>
			<UserInteractionMode>Hidden</UserInteractionMode>
			<EstRuntimeMins>5</EstRuntimeMins>
			<MaxRuntimeMins>20</MaxRuntimeMins>
			<RebootBehavior>BasedOnExitCode</RebootBehavior>
			<DetectionMethodType>Custom</DetectionMethodType>
			<CustomDetectionMethods>
				<DetectionClause>
					<DetectionClauseType>File</DetectionClauseType>
					<Name>firefox.exe</Name>
					<Path>%ProgramFiles%\Firefox Developer Edition</Path>
					<PropertyType>Version</PropertyType>
					<ExpectedValue>$FullVersion</ExpectedValue>
					<ExpressionOperator>GreaterEquals</ExpressionOperator>
					<Value>True</Value>
					<Is64Bit>True</Is64Bit>
				</DetectionClause>
			</CustomDetectionMethods>
		</DeploymentType>
	</DeploymentTypes>
	<Distribution>
		<DistributeContent>True</DistributeContent>
	</Distribution>
	<Deployment>
		<DeploySoftware>True</DeploySoftware>
	</Deployment>
</ApplicationDef>