<ApplicationDef>
	<Application>
		<Name>Mozilla Firefox ESR</Name>
		<Description>Mozilla Firefox (or simply Firefox) is a free and open-source web browser developed by the Mozilla Foundation and its subsidiary, the Mozilla Corporation.</Description>
		<Publisher>Mozilla</Publisher>
		<AutoInstall>True</AutoInstall>
		<UserDocumentation>https://support.mozilla.org/en-US/</UserDocumentation>
		<Icon>FirefoxQ.ico</Icon>
	</Application>
	<Downloads>
		<Download DeploymentType="DeploymentType1">
			<PrefetchScript>
				$webrequest = Invoke-WebRequest 'https://download.mozilla.org/?product=firefox-esr-msi-latest-ssl&amp;os=win64&amp;lang=en-GB' -MaximumRedirection 0 -ErrorAction SilentlyContinue
				$URL = $webrequest.Headers.Location
				$Download.Version = [regex]::Match($URL,".*/releases/([.\d]*).*").captures.groups[1].Value
			</PrefetchScript>
			<URL></URL>
			<DownloadFileName>FirefoxESRx64.msi</DownloadFileName>
			<DownloadVersionCheck>$Version = $Download.Version</DownloadVersionCheck>
			<FullVersion></FullVersion>
			<Version></Version>
		</Download>
		<Download DeploymentType="DeploymentType2">
			<PrefetchScript>
				$webrequest = Invoke-WebRequest 'https://download.mozilla.org/?product=firefox-esr-msi-latest-ssl&amp;os=win&amp;lang=en-GB' -MaximumRedirection 0 -ErrorAction SilentlyContinue
				$URL = $webrequest.Headers.Location
				$Download.Version = [regex]::Match($URL,".*/releases/([.\d]*).*").captures.groups[1].Value
			</PrefetchScript>
			<URL></URL>
			<DownloadFileName>FirefoxESRx86.msi</DownloadFileName>
			<DownloadVersionCheck>$Version = $Download.Version</DownloadVersionCheck>
			<FullVersion></FullVersion>
			<Version></Version>
		</Download>
	</Downloads>
	<DeploymentTypes>
		<DeploymentType Name="DeploymentType1">
			<DeploymentTypeName>Firefox ESR x64 Silent Install</DeploymentTypeName>
			<InstallationType>Script</InstallationType>
			<ContentFallback>True</ContentFallback>
			<OnSlowNetwork>Download</OnSlowNetwork>
			<InstallProgram>msiexec.exe /i FirefoxESRx64.msi /qn /norestart</InstallProgram>
			<UninstallCmd>`"%ProgramFiles%\Mozilla Firefox\uninstall\helper.exe`" -ms</UninstallCmd>
			<InstallationBehaviorType>InstallForSystem</InstallationBehaviorType>
			<LogonReqType>WhetherOrNotUserLoggedOn</LogonReqType>
			<UserInteractionMode>Hidden</UserInteractionMode>
			<EstRuntimeMins>5</EstRuntimeMins>
			<MaxRuntimeMins>20</MaxRuntimeMins>
			<RebootBehavior>BasedOnExitCode</RebootBehavior>
			<DetectionMethodType>Custom</DetectionMethodType>
			<CustomDetectionMethods>
				<DetectionClause>
					<DetectionClauseType>File</DetectionClauseType>
					<Name>firefox.exe</Name>
					<Path>%ProgramFiles%\Mozilla Firefox</Path>
					<PropertyType>Version</PropertyType>
					<ExpectedValue>$Version</ExpectedValue>
					<ExpressionOperator>GreaterEquals</ExpressionOperator>
					<Value>True</Value>
					<Is64Bit>True</Is64Bit>
				</DetectionClause>
			</CustomDetectionMethods>
			<RequirementsRules>
				<RequirementsRule>
					<RequirementsRuleType>Existential</RequirementsRuleType>
					<RequirementsRuleValue>
						<RuleValue>True</RuleValue>
					</RequirementsRuleValue>
					<RequirementsRuleGlobalCondition>AutoPackage - OSArchitecture x64</RequirementsRuleGlobalCondition>
				</RequirementsRule>
			</RequirementsRules>
		</DeploymentType>
		<DeploymentType Name="DeploymentType2">
			<DeploymentTypeName>Firefox ESR x86 Silent Install</DeploymentTypeName>
			<InstallationType>Script</InstallationType>
			<ContentFallback>True</ContentFallback>
			<OnSlowNetwork>Download</OnSlowNetwork>
			<InstallProgram>msiexec.exe /i FirefoxESRx86.msi /qn /norestart</InstallProgram>
			<UninstallCmd>`"%ProgramFiles(x86)%\Mozilla Firefox\uninstall\helper.exe`" -ms</UninstallCmd>
			<InstallationBehaviorType>InstallForSystem</InstallationBehaviorType>
			<LogonReqType>WhetherOrNotUserLoggedOn</LogonReqType>
			<UserInteractionMode>Hidden</UserInteractionMode>
			<EstRuntimeMins>5</EstRuntimeMins>
			<MaxRuntimeMins>20</MaxRuntimeMins>
			<RebootBehavior>BasedOnExitCode</RebootBehavior>
			<DetectionMethodType>Custom</DetectionMethodType>
			<CustomDetectionMethods>
				<DetectionClause>
					<DetectionClauseType>File</DetectionClauseType>
					<Name>firefox.exe</Name>
					<Path>%ProgramFiles(x86)%\Mozilla Firefox</Path>
					<PropertyType>Version</PropertyType>
					<ExpectedValue>$Version</ExpectedValue>
					<ExpressionOperator>GreaterEquals</ExpressionOperator>
					<Value>True</Value>
                    <Is64Bit>False</Is64Bit>
				</DetectionClause>
			</CustomDetectionMethods>
		</DeploymentType>
	</DeploymentTypes>
	<Distribution>
		<DistributeContent>True</DistributeContent>
	</Distribution>
	<Deployment>
		<DeploySoftware>True</DeploySoftware>
	</Deployment>
</ApplicationDef>