<ApplicationDef>
	<Application>
		<Name>Shotcut</Name>
		<Description>Shotcut is a free, open source, cross-platform video editor.</Description>
		<Publisher>Shotcut</Publisher>
		<AutoInstall>True</AutoInstall>
		<UserDocumentation>https://www.shotcut.org/tutorials/</UserDocumentation>
		<Icon>Shotcut.png</Icon>
		<FolderPath></FolderPath>
	</Application>
	<Downloads>
		<Download DeploymentType="DeploymentType1">
			<PrefetchScript>
				$URL = "https://github.com$((Invoke-WebRequest https://github.com/mltframework/shotcut/releases/latest -UseBasicParsing | Select -expand links | ? href -like "*shotcut-win64-*.exe").href.ToString())"
				$Download.Version = ([String](Invoke-RestMethod https://api.github.com/repos/mltframework/shotcut/releases/latest).tag_name.Trim('v')).TrimStart().TrimEnd()
				Add-LogContent "Found Version: $Download.Version "
				$Version = $Download.Version
			</PrefetchScript>
			<URL></URL>
			<DownloadFileName>Shotcutx64.exe</DownloadFileName>
			<DownloadVersionCheck></DownloadVersionCheck>
			<Version></Version>
			<FullVersion></FullVersion>
			<AppRepoFolder></AppRepoFolder>
		</Download>
	</Downloads>
	<DeploymentTypes>
		<DeploymentType Name="DeploymentType1">
			<DeploymentTypeName>Silently install Shotcut x64</DeploymentTypeName>
			<InstallationType>Script</InstallationType>
			<Comments></Comments>
			<CacheContent>False</CacheContent>
			<BranchCache>True</BranchCache>
			<ContentFallback>True</ContentFallback>
			<OnSlowNetwork>Download</OnSlowNetwork>
			<InstallProgram>Shotcutx64.exe /S</InstallProgram>
			<UninstallCmd>`"%ProgramFiles%\Shotcut\uninstall.exe`" /S</UninstallCmd>
			<InstallationBehaviorType>InstallForSystem</InstallationBehaviorType>
			<LogonReqType>WhetherOrNotUserLoggedOn</LogonReqType>
			<UserInteractionMode>Hidden</UserInteractionMode>
			<ReqUserInteraction>False</ReqUserInteraction>
			<EstRuntimeMins>5</EstRuntimeMins>
			<MaxRuntimeMins>15</MaxRuntimeMins>
			<RebootBehavior>BasedOnExitCode</RebootBehavior>
			<DetectionMethodType>Custom</DetectionMethodType>
			<CustomDetectionMethods>
				<DetectionClause>
					<DetectionClauseType>RegistryKeyValue</DetectionClauseType>
					<Hive>LocalMachine</Hive>
					<KeyName>SOFTWARE\WOW6432Node\Microsoft\Windows\CurrentVersion\Uninstall\Shotcut</KeyName>
					<PropertyType>String</PropertyType>
					<ValueName>DisplayVersion</ValueName>
					<ExpressionOperator>IsEquals</ExpressionOperator>
					<ExpectedValue>$Version</ExpectedValue>
					<Value>True</Value>
					<Is64Bit>True</Is64Bit>
				</DetectionClause>
			</CustomDetectionMethods>
			<Requirements>
				<RuleName>Existential of AutoPackage - OSArchitecture x64 Not Equal to 0</RuleName>
			</Requirements>
		</DeploymentType>
	</DeploymentTypes>
	<Distribution>
		<DistributeContent>True</DistributeContent>
		<DistributeToGroup></DistributeToGroup>
	</Distribution>
	<Supersedence>
		<Supersedence>False</Supersedence>
		<Uninstall>False</Uninstall>
	</Supersedence>
	<Deployment>
		<DeploySoftware>False</DeploySoftware>
	</Deployment>
</ApplicationDef>
