<ApplicationDef>
	<Application>
		<Name>TortoiseSVN</Name>
		<Description>TortoiseSVN is a really easy to use Revision control / version control / source control software for Windows. It is based on Apache Subversion (SVN); TortoiseSVN provides a nice and easy user interface for Subversion.</Description>
		<Publisher>Tortoise</Publisher>
		<AutoInstall>True</AutoInstall>
		<UserDocumentation>https://tortoisesvn.net/support.html</UserDocumentation>
		<Icon>TortoiseSVN.png</Icon>
	</Application>
		<Downloads>
			<Download DeploymentType="DeploymentType1">
				<PrefetchScript>$URL = 'https://osdn.net' + (((Invoke-WebRequest https://osdn.net/projects/tortoisesvn).Links) | where -Property InnerText -Like "*TortoiseSVN*x64*.msi").href | Sort-Object -Descending | Select-Object -First 1
				$HTTPheaders = @{
					'User-Agent' = '[Microsoft.PowerShell.Commands.PSUserAgent]::FireFox'
				}</PrefetchScript>
				<URL></URL>
				<DownloadFileName>TortoiseSVN.msi</DownloadFileName>
				<Version></Version>
				<FullVersion></FullVersion>
				<DownloadVersionCheck>[String]$Version = ([String](Get-MSIInfo -Path $DownloadFile -Property ProductVersion)).TrimStart().TrimEnd()
				$Version = ($version.Split('.'))[0..1] -join "."</DownloadVersionCheck>
				<ExtraCopyFunctions></ExtraCopyFunctions>
			</Download>
		</Downloads>
	<DeploymentTypes>
		<DeploymentType Name="DeploymentType1">
			<DeploymentTypeName>TortoiseSVN Silent Install x64</DeploymentTypeName>
			<InstallationType>MSI</InstallationType>
			<Comments>Silent Installer for TortoiseSVN</Comments>
			<Language>English</Language>
			<CacheContent>False</CacheContent>
			<BranchCache>True</BranchCache>
			<ContentFallback>True</ContentFallback>
			<OnSlowNetwork>Download</OnSlowNetwork>
			<InstallationMSI>TortoiseSVN.msi</InstallationMSI>
			<UninstallCmd></UninstallCmd>
			<Force32bit>False</Force32bit>
			<InstallationBehaviorType>InstallForSystem</InstallationBehaviorType>
			<LogonReqType>WhetherOrNotUserLoggedOn</LogonReqType>
			<UserInteractionMode>Hidden</UserInteractionMode>
			<ReqUserInteraction>False</ReqUserInteraction>
			<EstRuntimeMins>15</EstRuntimeMins>
			<MaxRuntimeMins>30</MaxRuntimeMins>
			<RebootBehavior>BasedOnExitCode</RebootBehavior>
			<DetectionMethodType>MSI</DetectionMethodType>
			<RequirementsRules>
				<RequirementsRule>
					<RequirementsRuleType>Existential</RequirementsRuleType>
					<RequirementsRuleValue>
						<RuleValue>True</RuleValue>
					</RequirementsRuleValue>
					<RequirementsRuleGlobalCondition>AutoPackage - OSArchitecture x64</RequirementsRuleGlobalCondition>
				</RequirementsRule>
			</RequirementsRules>
		</DeploymentType>
	</DeploymentTypes>
	<Distribution>
		<DistributeContent>True</DistributeContent>
	</Distribution>
	<Supersedence>
		<Supersedence>True</Supersedence>
		<Uninstall>False</Uninstall>
	</Supersedence>
	<Deployment>
		<DeploySoftware>True</DeploySoftware>
		<DeploymentCollection>Test Collection</DeploymentCollection>
		<UpdateSuperseded>False</UpdateSuperseded>
	</Deployment>
</ApplicationDef>