<ApplicationDef>
	<Application>
		<Name>VMware Remote Console</Name>
		<Description>VMware Remote Console provides client device connection and console access to virtual machines on a remote host. After downloading and installing VMware Remote Console on your local computer, you can launch the external VMware Remote Console application directly from the VMware vSphere or vRealize Automation web client.</Description>
		<Publisher>VMware, Inc.</Publisher>
		<AutoInstall>False</AutoInstall>
		<UserDocumentation>https://docs.vmware.com/en/VMware-Remote-Console/index.html</UserDocumentation>
		<Icon>vmrc.png</Icon>
	</Application>
	<Downloads>
		<Download DeploymentType="DeploymentType1">
			<PrefetchScript>$base = 'https://softwareupdate.vmware.com/cds/vmw-desktop/vmrc/'
$ver = ((iwr $base).Links | ? href -ne '../').href
$number = ((iwr "$base$ver").Links | ? href -ne '../').href
$Download.Version = $ver -replace '/'
$Version = $Download.Version
$url = "$base$ver$number\windows\vmrc-windows.tar"
			</PrefetchScript>
			<URL></URL>
			<DownloadFileName>vmrc.tar</DownloadFileName>
			<!-- <DownloadVersionCheck>
				&amp; $ScriptRoot\7za.exe x "$DownloadFile" -o"$TempDir\vmrctemp" -y
				$Version = (get-item $TempDir\vmrctemp\VMWare-VMRC-*.exe).VersionInfo.ProductVersion
			</DownloadVersionCheck> -->
			<Version></Version>
			<FullVersion></FullVersion>
			<ExtraCopyFunctions>
				&amp; $ScriptRoot\7za.exe x "$DownloadFile" -o"$TempDir\vmrctemp" -y
				Copy-Item "$TempDir\vmrctemp\VMware-VMRC-*.exe" -Destination "$DestinationPath\vmrc.exe" -Force
				rm "$DestinationPath\vmrc.tar"
			</ExtraCopyFunctions>
		</Download>
		</Downloads>
	<DeploymentTypes>
		<DeploymentType Name="DeploymentType1">
			<DeploymentTypeName>VMWare Remote Console</DeploymentTypeName>
			<InstallationType>Script</InstallationType>
			<Comments></Comments>
			<Language>English</Language>
			<CacheContent>False</CacheContent>
			<BranchCache>True</BranchCache>
			<ContentFallback>True</ContentFallback>
			<OnSlowNetwork>Download</OnSlowNetwork>
			<!-- it wants full path to log file, defaults to %TEMP%\vminst.log -->
			<InstallProgram>vmrc.exe /s /v "/qn EULAS_AGREED=1 AUTOSOFTWAREUPDATE=1 DATACOLLECTION=0 REBOOT=ReallySuppress" /l</InstallProgram>
			<UninstallCmd>powershell.exe -noprofile -noninteractive -command "&amp; {exit ((Start-Process msiexec -ArgumentList /x,(gp HKLM:\SOFTWARE\Microsoft\Windows\CurrentVersion\Uninstall\*,HKLM:\SOFTWARE\WOW6432Node\Microsoft\Windows\CurrentVersion\Uninstall\* -ea si | ? DisplayName -eq ''VMware Remote Console'' | select -ExpandProperty PSChildName),''/norestart'',''/qn'',''/l*v uninstall.log'' -Wait -PassThru).ExitCode)}"</UninstallCmd>
			<UninstallOption>NoneRequired</UninstallOption>
			<Force32bit>False</Force32bit>
			<InstallationBehaviorType>InstallForSystem</InstallationBehaviorType>
			<LogonReqType>WhetherOrNotUserLoggedOn</LogonReqType>
			<UserInteractionMode>Hidden</UserInteractionMode>
			<ReqUserInteraction>False</ReqUserInteraction>
			<EstRuntimeMins>10</EstRuntimeMins>
			<MaxRuntimeMins>20</MaxRuntimeMins>
			<RebootBehavior>BasedOnExitCode</RebootBehavior>
			<DetectionMethodType>Custom</DetectionMethodType>
			<CustomDetectionMethods>
				<DetectionClause>
					<DetectionClauseType>File</DetectionClauseType>
					<Name>vmrc.exe</Name>
					<Path>%ProgramFiles%\VMware\VMware Remote Console</Path>
					<PropertyType>Version</PropertyType>
					<ExpectedValue>$Version</ExpectedValue>
					<ExpressionOperator>GreaterEquals</ExpressionOperator>
					<Is64Bit>False</Is64Bit>
					<Value>True</Value>
				</DetectionClause>
			</CustomDetectionMethods>
			<InstallBehavior>
				<InstallBehaviorProcess DisplayName="VMware Remote Console">
					<InstallBehaviorExe>vmrc.exe</InstallBehaviorExe>
				</InstallBehaviorProcess>
			</InstallBehavior>
		</DeploymentType>
	</DeploymentTypes>
	<Distribution>
		<DistributeContent>True</DistributeContent>
	</Distribution>
	<Supersedence>
		<Supersedence>True</Supersedence>
	</Supersedence>
	<Deployment>
		<DeploySoftware>True</DeploySoftware>
		<UpdateSuperseded>True</UpdateSuperseded>
	</Deployment>
</ApplicationDef>
