<ApplicationDef>
	<Application>
		<Name>Microsoft .Net</Name>
		<Description>The Microsoft .NET Framework 4.6 is a highly compatible, in-place update to the Microsoft .NET Framework 4, Microsoft .NET Framework 4.5, Microsoft .NET Framework 4.5.1 and Microsoft .NET Framework 4.5.2. The offline package can be used in situations where the web installer cannot be used due to lack of internet connectivity.</Description>
		<Publisher>Microsoft</Publisher>
		<AutoInstall>True</AutoInstall>
		<UserDocumentation>https://www.microsoft.com/en-us/download/details.aspx?id=48137</UserDocumentation>
		<Icon>DotNet.ico</Icon>
		<FolderPath>Microsoft\.Net</FolderPath>
		<UsePSADT>				
			$AppVender = "Microsoft"
			$AppName = ".Net"
			$AppArch = ""
			$AppLang = "EN"
			$AppRev = "01"
			$ScriptVer = "1.0.0"
			$ScriptDate = Get-Date -Format "MM/dd/yyyy"
			$ScriptAuth = "Semosh"
			$ReplaceAppVender = '[string]$appVendor = ''' + $AppVender + ''''
			$ReplaceAppName = '[string]$appName = ''' + $AppName + ''''
			$ReplaceAppVer = '[string]$appVersion = ''' + $Version + ''''
			$ReplaceAppArch = '[string]$appArch = ''' + $AppArch + ''''
			$ReplaceAppLang = '[string]$appLang = ''' + $AppLang + ''''
			$ReplaceAppRev = '[string]$appRevision = ''' + $AppRev + ''''
			$ReplaceScriptVer = '[string]$appScriptVersion = ''' + $ScriptVer + ''''
			$ReplaceScriptDate = '[string]$appScriptDate = ''' + $ScriptDate + ''''
			$ReplaceScriptAuth = '[string]$appScriptAuthor = ''' + $ScriptAuth + ''''
			$ReplaceInstallBehavior = 'Show-InstallationWelcome -CloseApps ''explorer'' -AllowDefer -DeferTimes 3 -CheckDiskSpace -PersistPrompt'
			$ReplacePreInstall =''
			$ReplaceInstall = "Execute-Process -Path 'NDP46-x86-x64-AllOS-ENU.exe' -Parameters '/q /norestart' -WindowStyle 'Hidden'"
			$ReplacePostInstall =''
			$ReplaceUninstallBehavior = 'Show-InstallationWelcome -CloseApps ''explorer'' -CloseAppsCountdown 60'
			$ReplacePreUninstall =''
			$ReplaceUninstall = "Execute-Process -Path 'NDP46-x86-x64-AllOS-ENU.exe' -Parameters '/q /norestart /uninstall' -WindowStyle 'Hidden'"
			$ReplacePostUninstall =''
			$ReplacePreRepair=''
			$ReplaceRepair=''
			$ReplacePostRepair=''
		</UsePSADT>
	</Application>
	<Downloads>
		<Download DeploymentType="DeploymentType1">
			<PrefetchScript>$URL = ((Invoke-WebRequest "https://www.microsoft.com/en-us/download/confirmation.aspx?id=48137" -UseBasicParsing).Links | Where-Object href -like "*.exe" | Select-Object -Last 1).href</PrefetchScript>
			<URL>https://www.microsoft.com/en-us/download/confirmation.aspx?id=48137</URL>
			<DownloadFileName>NDP46-x86-x64-AllOS-ENU.exe</DownloadFileName>
			<DownloadVersionCheck>$Version = ((Get-item $TempDir\$DownloadFileName).VersionInfo.FileVersionRaw).ToString()</DownloadVersionCheck>
			<FullVersion></FullVersion>
			<Version></Version>
			<AppRepoFolder>Files</AppRepoFolder>
		</Download>
	</Downloads>
	<DeploymentTypes>
		<DeploymentType Name="DeploymentType1">
			<DeploymentTypeName>Silent Installer for DotNet Framework 4.6</DeploymentTypeName>
			<InstallationType>Script</InstallationType>
			<Comments>Silent Installer for DotNet Framework 4.6</Comments>
			<Language>English</Language>
			<CacheContent>False</CacheContent>
			<BranchCache>True</BranchCache>
			<ContentFallback>True</ContentFallback>
			<OnSlowNetwork>Download</OnSlowNetwork>
			<InstallationMSI>Deploy-Microsoft_.Net_$Version.exe</InstallationMSI>
			<InstallProgram>Deploy-Microsoft_.Net_$Version.exe install silent</InstallProgram>
			<UninstallCmd>Deploy-Microsoft_.Net_$Version.exe uninstall silent</UninstallCmd>
			<Force32bit>False</Force32bit>
			<InstallationBehaviorType>InstallForSystem</InstallationBehaviorType>
			<LogonReqType>WhetherOrNotUserLoggedOn</LogonReqType>
			<UserInteractionMode>Hidden</UserInteractionMode>
			<ReqUserInteraction>False</ReqUserInteraction>
			<EstRuntimeMins>15</EstRuntimeMins>
			<MaxRuntimeMins>45</MaxRuntimeMins>
			<RebootBehavior>BasedOnExitCode</RebootBehavior>
			<DetectionMethodType>CustomScript</DetectionMethodType>
				<ScriptLanguage>PowerShell</ScriptLanguage>
				<DetectionMethod>$x64 = (Get-ItemProperty "HKLM:\SOFTWARE\Microsoft\NET Framework Setup\NDP\v4\Full").Version

if ($x64 -ge "$Version") {
    return $true
}</DetectionMethod>
			<RequirementsRules>
				<RequirementsRule>
					<RequirementsRuleType>Existential</RequirementsRuleType>
					<RequirementsRuleValue>
						<RuleValue>True</RuleValue>
					</RequirementsRuleValue>
					<RequirementsRuleGlobalCondition>AutoPackage - OSArchitecture x64</RequirementsRuleGlobalCondition>
				</RequirementsRule>
			</RequirementsRules>
		</DeploymentType>
	</DeploymentTypes>
	<Distribution>
		<DistributeContent>True</DistributeContent>
		<DistributeToGroup>Source DPs,CMG</DistributeToGroup>
	</Distribution>
	<Supersedence>
		<Supersedence>True</Supersedence>
		<Uninstall>False</Uninstall>
	</Supersedence>
	<Deployment>
		<DeploySoftware>True</DeploySoftware>
		<DeploymentCollection>CCEA Team</DeploymentCollection>
	</Deployment>
</ApplicationDef>