<ApplicationDef>
	<Application>
		<Name>Firefox ESR</Name>
		<Description></Description>
		<Publisher>Mozilla</Publisher>
		<AutoInstall>True</AutoInstall>
		<UserDocumentation>https://support.mozilla.org/en-US/</UserDocumentation>
		<Icon>FirefoxQ.ico</Icon>
		<FolderPath>Mozilla\Firefox</FolderPath>
		<UsePSADT>				
			$AppVender = "Mozilla"
			$AppName = "Firefox ESR"
			$AppArch = ""
			$AppLang = "EN"
			$AppRev = "01"
			$ScriptVer = "1.0.0"
			$ScriptDate = Get-Date -Format "MM/dd/yyyy"
			$ScriptAuth = "Semosh"
			$ReplaceAppVender = '[string]$appVendor = ''' + $AppVender + ''''
			$ReplaceAppName = '[string]$appName = ''' + $AppName + ''''
			$ReplaceAppVer = '[string]$appVersion = ''' + $Version + ''''
			$ReplaceAppArch = '[string]$appArch = ''' + $AppArch + ''''
			$ReplaceAppLang = '[string]$appLang = ''' + $AppLang + ''''
			$ReplaceAppRev = '[string]$appRevision = ''' + $AppRev + ''''
			$ReplaceScriptVer = '[string]$appScriptVersion = ''' + $ScriptVer + ''''
			$ReplaceScriptDate = '[string]$appScriptDate = ''' + $ScriptDate + ''''
			$ReplaceScriptAuth = '[string]$appScriptAuthor = ''' + $ScriptAuth + ''''
			$ReplaceInstallBehavior = 'Show-InstallationWelcome -CloseApps ''FireFox'' -AllowDefer -DeferTimes 3 -CheckDiskSpace -PersistPrompt'
			$ReplacePreInstall ='$users = Get-ChildItem "$env:SystemDrive\Users\" | Where-Object `
			{   $_.BaseName -ne "Public" -and `
				$_.BaseName -ne "CORPSUPPORT" -and `
				$_.BaseName -ne "Default" -and `
				$_.BaseName -notmatch ''.*\$$''
			}


		foreach ($i in $users) 
		{
			$found = $false
			if (Test-Path "$env:SystemDrive\Users\$i\appdata\roaming\Mozilla\Firefox\Profiles") 
			{
				New-Item -ItemType File -Path "$env:SystemDrive\Users\$i\appdata\roaming\Mozilla\Firefox" `
					-Name ProfilePath.txt `
					-Value "$env:SystemDrive\Users\$i\appdata\roaming\Mozilla\Firefox" -Force

				$found = $true
			}

			if ($found) 
			{
				Copy-Item -Path "$env:SystemDrive\Users\$i\appdata\roaming\Mozilla\Firefox\*" -Recurse -Destination "$env:TEMP\FFProfileBackup\$i"
			}
		}'
			$ReplaceInstall = 'Execute-MSI -Action "Install" -Path "FirefoxESRx64.msi" -Parameters "/qn"'
			$ReplacePostInstall ='Copy-File -Path "$dirsupportfiles\override.ini" -Destination "$env:ProgramFiles\Mozilla FireFox\browser\"
		Copy-File -Path "$dirsupportfiles\mozilla.cfg" -Destination "$env:ProgramFiles\Mozilla FireFox\"
		Copy-File -Path "$dirsupportfiles\localsettings.js" -Destination "$env:ProgramFiles\Mozilla FireFox\defaults\pref"
		
		execute-process -path powershell.exe -parameters "-nologo -executionpolicy bypass -noninteractive -file $dirSupportFiles\ff_IWA.ps1" -windowstyle hidden

		$backups = Get-ChildItem "$env:TEMP\FFProfileBackup"

		foreach ($backup in $backups) {
			Copy-Item -Path "$($backup.FullName)\*" -Recurse -Destination (Get-Content "$($backup.FullName)\ProfilePath.txt") -ea 0
		}'
			$ReplaceUninstallBehavior = 'Show-InstallationWelcome -CloseApps ''FireFox'' -CloseAppsCountdown 60'
			$ReplacePreUninstall ='		Remove-Variable x86, x64 -ErrorAction SilentlyContinue
		$x86 = (Search-Registry -StartKey HKLM:\SOFTWARE\WOW6432Node\Microsoft\Windows\CurrentVersion\Uninstall -Pattern ''^Mozilla FireFox.*$'' -MatchData).Key | select -First 1 | Get-ItemProperty -ea 0
		$x64 = (Search-Registry -StartKey HKLM:\SOFTWARE\Microsoft\Windows\CurrentVersion\Uninstall -Pattern ''^Mozilla FireFox.*$'' -MatchData).Key | select -First 1 | Get-ItemProperty -ea 0'
			$ReplaceUninstall = 'if (-not($null -eq $x64)){
    Execute-Process -Path $($x64.UninstallString).replace(''"'','''') -Parameters "/S"
}
if (-not($null -eq $x86)){
    Execute-Process -Path $($x86.UninstallString).replace(''"'','''') -Parameters "/S"
}'
			$ReplacePostUninstall ='if(Test-Path "$env:ProgramFiles\Mozilla FireFox") {
            Remove-Item -Path "$env:ProgramFiles\Mozilla FireFox" -Recurse -Force -ErrorAction SilentlyContinue
        }'
			$ReplacePreRepair=''
			$ReplaceRepair=''
			$ReplacePostRepair=''
		</UsePSADT>
	</Application>
	<Downloads>
		<Download DeploymentType="DeploymentType1">
			<PrefetchScript>
				$webrequest = Invoke-WebRequest 'https://download.mozilla.org/?product=firefox-esr-msi-latest-ssl&amp;os=win64&amp;lang=en-GB' -MaximumRedirection 0 -ErrorAction SilentlyContinue
				$URL = $webrequest.Headers.Location
				$Download.Version = [regex]::Match($URL,".*/releases/([.\d]*).*").captures.groups[1].Value
			</PrefetchScript>
			<URL></URL>
			<DownloadFileName>FirefoxESRx64.msi</DownloadFileName>
			<DownloadVersionCheck>$Version = $Download.Version</DownloadVersionCheck>
			<FullVersion></FullVersion>
			<Version></Version>
			<AppRepoFolder>Files</AppRepoFolder>
		</Download>
	</Downloads>
	<DeploymentTypes>
		<DeploymentType Name="DeploymentType1">
			<DeploymentTypeName>Firefox ESR x64 Silent Install</DeploymentTypeName>
			<InstallationType>Script</InstallationType>
			<ContentFallback>True</ContentFallback>
			<OnSlowNetwork>Download</OnSlowNetwork>
			<InstallProgram>Deploy-Firefox_ESR_$Version.exe install silent</InstallProgram>
			<UninstallCmd>Deploy-Firefox_ESR_$Version.exe uninstall silent</UninstallCmd>
			<InstallationBehaviorType>InstallForSystem</InstallationBehaviorType>
			<LogonReqType>WhetherOrNotUserLoggedOn</LogonReqType>
			<UserInteractionMode>Normal</UserInteractionMode>
			<EstRuntimeMins>5</EstRuntimeMins>
			<MaxRuntimeMins>20</MaxRuntimeMins>
			<RebootBehavior>BasedOnExitCode</RebootBehavior>
			<DetectionMethodType>CustomScript</DetectionMethodType>
				<ScriptLanguage>PowerShell</ScriptLanguage>
				<DetectionMethod>function Search-Registry {
    [CmdletBinding()]
    param(
        [parameter(Position = 0, Mandatory = $TRUE)]
        [String] $StartKey,
        [parameter(Position = 1, Mandatory = $TRUE)]
        [String] $Pattern,
        [Switch] $MatchKey,
        [Switch] $MatchValue,
        [Switch] $MatchData,
        [UInt32] $MaximumMatches = 0,
        [parameter(Mandatory = $FALSE)] [Switch] $ExactMatch,
        [parameter(ValueFromPipeline = $TRUE)]
        [String[]] $ComputerName = $ENV:COMPUTERNAME
    )

    begin {
        $PIPELINEINPUT = (-not $PSBOUNDPARAMETERS.ContainsKey("ComputerName")) -and
        (-not $ComputerName)

        # Throw an error if -Pattern is not valid
        try {
            "" -match $Pattern | out-null
        }
        catch [System.Management.Automation.RuntimeException] {
            throw "-Pattern parameter not valid - $($_.Exception.Message)"
        }

        # You must specify at least one matching criteria
        if (-not ($MatchKey -or $MatchValue -or $MatchData)) {
            throw "You must specify at least one of: -MatchKey -MatchValue -MatchData"
        }

        # Interpret zero as "maximum possible number of matches"
        if ($MaximumMatches -eq 0) { $MaximumMatches = [UInt32]::MaxValue }

        # These two hash tables speed up lookup of key names and hive types
        $HiveNameToHive = @{
            "HKCR"               = [Microsoft.Win32.RegistryHive] "ClassesRoot";
            "HKEY_CLASSES_ROOT"  = [Microsoft.Win32.RegistryHive] "ClassesRoot";
            "HKCU"               = [Microsoft.Win32.RegistryHive] "CurrentUser";
            "HKEY_CURRENT_USER"  = [Microsoft.Win32.RegistryHive] "CurrentUser";
            "HKLM"               = [Microsoft.Win32.RegistryHive] "LocalMachine";
            "HKEY_LOCAL_MACHINE" = [Microsoft.Win32.RegistryHive] "LocalMachine";
            "HKU"                = [Microsoft.Win32.RegistryHive] "Users";
            "HKEY_USERS"         = [Microsoft.Win32.RegistryHive] "Users";
        }
        $HiveToHiveName = @{
            [Microsoft.Win32.RegistryHive] "ClassesRoot"  = "HKCR";
            [Microsoft.Win32.RegistryHive] "CurrentUser"  = "HKCU";
            [Microsoft.Win32.RegistryHive] "LocalMachine" = "HKLM";
            [Microsoft.Win32.RegistryHive] "Users"        = "HKU";
        }

        # Sanitize $StartKey of trailing "\"
        if ($startKey -match "\\$") {
            $StartKey = $StartKey -replace ".$"
        }
		
        $StartKey | select-string "([^:\\]+):?\\?(.+)?" | foreach-object {
            $HiveName = $_.Matches[0].Groups[1].Value
            $StartPath = $_.Matches[0].Groups[2].Value
        }

        if (-not $HiveNameToHive.ContainsKey($HiveName)) {
            throw "Invalid registry path"
        }
        else {
            $Hive = $HiveNameToHive[$HiveName]
            $HiveName = $HiveToHiveName[$Hive]
        }

        # Recursive function that searches the registry
        function search-registrykey($computerName, $rootKey, $keyPath, [Ref] $matchCount) {
            # Write error and return if unable to open the key path as read-only
            try {
                $subKey = $rootKey.OpenSubKey($keyPath, $FALSE)
            }
            catch [System.Management.Automation.MethodInvocationException] {
                $message = $_.Exception.Message
                write-error "$message - $($HiveName):\$keyPath"
                return
            }

            
            if (-not $subKey) {
                write-error "Key does not exist: $($HiveName):\$keyPath" -category ObjectNotFound
                return
            }

            # Search for value and/or data; -MatchValue also returns the data
            if ($MatchValue -or $MatchData) {
                if ($matchCount.Value -lt $MaximumMatches) {
                    foreach ($valueName in $subKey.GetValueNames()) {
                        $valueData = $subKey.GetValue($valueName)
                        if ($ExactMatch) {
                            if (($MatchValue -and ($valueName -contains $Pattern)) -or ($MatchData -and ($valueData -contains $Pattern))) {
                                "" | select-object `
                                @{N = "ComputerName"; E = { $computerName } },
                                @{N = "Key"; E = { "$($HiveName):\$keyPath" } },
                                @{N = "Value"; E = { $valueName } },
                                @{N = "Data"; E = { $valueData } }
                                $matchCount.Value++
                            }
                        }
                        else {
                            if (($MatchValue -and ($valueName -match $Pattern)) -or ($MatchData -and ($valueData -match $Pattern))) {
                                "" | select-object `
                                @{N = "ComputerName"; E = { $computerName } },
                                @{N = "Key"; E = { "$($HiveName):\$keyPath" } },
                                @{N = "Value"; E = { $valueName } },
                                @{N = "Data"; E = { $valueData } }
                                $matchCount.Value++
                            }
                        }
                        if ($matchCount.Value -eq $MaximumMatches) { break }
                    }
                }
            }

            # Iterate and recurse through subkeys; if -MatchKey requested, output
            # objects only report computer and key (keys do not have values or data)
            if ($matchCount.Value -lt $MaximumMatches) {
                foreach ($keyName in $subKey.GetSubKeyNames()) {
                    if ($keyPath -eq "") {
                        $subkeyPath = $keyName
                    }
                    else {
                        $subkeyPath = $keyPath + "\" + $keyName
                    }
                    if ($ExactMatch) {
                        if ($MatchKey -and ($keyName -contains $Pattern)) {
                            "" | select-object `
                            @{N = "ComputerName"; E = { $computerName } },
                            @{N = "Key"; E = { "$($HiveName):\$subkeyPath" } },
                            @{N = "Value"; E = {} },
                            @{N = "Data"; E = {} }
                            $matchCount.Value++
                        }
                    }
                    else {
                        if ($MatchKey -and ($keyName -match $Pattern)) {
                            "" | select-object `
                            @{N = "ComputerName"; E = { $computerName } },
                            @{N = "Key"; E = { "$($HiveName):\$subkeyPath" } },
                            @{N = "Value"; E = {} },
                            @{N = "Data"; E = {} }
                            $matchCount.Value++
                        }
                    }
                    # $matchCount is a reference
                    search-registrykey $computerName $rootKey $subkeyPath $matchCount
                    if ($matchCount.Value -eq $MaximumMatches) { break }
                }
            }

            # Close opened subkey
            $subKey.Close()
        }

        # Core function opens the registry on a computer and initiates searching
        function search-registry2($computerName) {
            # Write error and return if unable to open the key on the computer
            try {
                $rootKey = [Microsoft.Win32.RegistryKey]::OpenRemoteBaseKey($Hive, $computerName)
            }
            catch [System.Management.Automation.MethodInvocationException] {
                $message = $_.Exception.Message
                write-error "$message - $computerName"
                return
            }
            # $matchCount is per computer; pass to recursive function as reference
            $matchCount = 0
            search-registrykey $computerName $rootKey $StartPath ([Ref] $matchCount)
            $rootKey.Close()
        }
    }

    process {
        if ($PIPELINEINPUT) {
            search-registry2 $_
        }
        else {
            $ComputerName | foreach-object {
                search-registry2 $_
            }
        }
    }
}

$x86 = (Search-Registry -StartKey HKLM:\SOFTWARE\WOW6432Node\Microsoft\Windows\CurrentVersion\Uninstall -Pattern "^Mozilla FireFox.*$" -MatchData).Key | select -First 1 | Get-ItemProperty -ea 0
$x64 = (Search-Registry -StartKey HKLM:\SOFTWARE\Microsoft\Windows\CurrentVersion\Uninstall -Pattern "^Mozilla FireFox.*$" -MatchData).Key | select -First 1 | Get-ItemProperty -ea 0

if (-not($null -eq $x64)) {
    if ([version]$x64.DisplayVersion -ge [version]"$Version") {
        return $true
    }
}
else{
    if ([version]$x86.DisplayVersion -ge [version]"$Version") {
        return $true
    }
}</DetectionMethod>
			<RequirementsRules>
				<RequirementsRule>
					<RequirementsRuleType>Existential</RequirementsRuleType>
					<RequirementsRuleValue>
						<RuleValue>True</RuleValue>
					</RequirementsRuleValue>
					<RequirementsRuleGlobalCondition>AutoPackage - OSArchitecture x64</RequirementsRuleGlobalCondition>
				</RequirementsRule>
			</RequirementsRules>
		</DeploymentType>
	</DeploymentTypes>
	<Distribution>
		<DistributeContent>True</DistributeContent>
		<DistributeToGroup>Source DPs,CMG</DistributeToGroup>
	</Distribution>
	<Supersedence>
		<Supersedence>True</Supersedence>
		<Uninstall>False</Uninstall>
	</Supersedence>
	<Deployment>
		<DeploySoftware>True</DeploySoftware>
		<DeploymentCollection>CCEA Team</DeploymentCollection>
		<PhasedDeployment>
			<FirstCollectionID>HWW01E1B</FirstCollectionID>
			<SecondCollectionID>HWW01E1C</SecondCollectionID>
			<CriteriaOption>Compliance</CriteriaOption>
			<CriteriaValue>90</CriteriaValue>
			<BeginCondition>AfterPeriod</BeginCondition>
			<DaysAfterPreviousPhaseSuccess>2</DaysAfterPreviousPhaseSuccess>
			<ThrottlingDays>2</ThrottlingDays>
			<InstallationChoice>AsSoonAsPossible</InstallationChoice>
		</PhasedDeployment>
	</Deployment>
</ApplicationDef>