<ApplicationDef>
	<Application>
		<Name>PowerShell</Name>
		<Description>PowerShell is a cross-platform task automation and configuration management framework, consisting of a command-line shell and scripting language.</Description>
		<Publisher>Microsoft</Publisher>
		<AutoInstall>False</AutoInstall>
		<UserDocumentation>https://github.com/PowerShell/PowerShell</UserDocumentation>
		<Icon>PowerShell.png</Icon>
		<FolderPath>Microsoft\PowerShell</FolderPath>
		<UsePSADT>
				$AppVender = "PowerShell"
				$AppName = "Microsoft"
				$AppArch = ""
				$AppLang = "EN"
				$AppRev = "01"
				$ScriptVer = "1.0.0"
				$ScriptDate = Get-Date -Format "MM/dd/yyyy"
				$ScriptAuth = "Semosh"
				$ReplaceAppVender = '[string]$appVendor = ''' + $AppVender + ''''
				$ReplaceAppName = '[string]$appName = ''' + $AppName + ''''
				$ReplaceAppVer = '[string]$appVersion = ''' + $Version + ''''
				$ReplaceAppArch = '[string]$appArch = ''' + $AppArch + ''''
				$ReplaceAppLang = '[string]$appLang = ''' + $AppLang + ''''
				$ReplaceAppRev = '[string]$appRevision = ''' + $AppRev + ''''
				$ReplaceScriptVer = '[string]$appScriptVersion = ''' + $ScriptVer + ''''
				$ReplaceScriptDate = '[string]$appScriptDate = ''' + $ScriptDate + ''''
				$ReplaceScriptAuth = '[string]$appScriptAuthor = ''' + $ScriptAuth + ''''
				$ReplaceInstallBehavior = 'Show-InstallationWelcome -CloseApps ''powershell_ise'' -AllowDefer -DeferTimes 3 -CheckDiskSpace -PersistPrompt'
				$ReplacePreInstall =''
				$ReplaceInstall = 'Execute-MSI -Action "Install" -Path "PowerShell.msi" -Parameters "/qn ENABLE_PSREMOTING=1"'
				$ReplacePostInstall ='Start-Sleep -s 10'
				$ReplaceUninstallBehavior = 'Show-InstallationWelcome -CloseApps ''powershell_ise'' -CloseAppsCountdown 60'
				$ReplacePreUninstall =''
				$ReplaceUninstall = "`$registryEntry = (Search-Registry -StartKey HKLM:\SOFTWARE\Microsoft\Windows\CurrentVersion\Uninstall -Pattern '^PowerShell.*`$' -MatchData).Key | select -First 1 | Get-ItemProperty -ea 0 
				`$uninstallString = (`$registryEntry.UninstallString).Replace(`"MsiExec.exe /X`",`"`") 
				Execute-MSI -Action Uninstall -Path `"`$uninstallString`" -Parameters `"/qn`""
				$ReplacePostUninstall =''
				$ReplacePreRepair=''
				$ReplaceRepair=''
				$ReplacePostRepair=''
		</UsePSADT>										
	</Application>
	<Downloads>
		<Download DeploymentType="DeploymentType1">
			<PrefetchScript>$content = Invoke-WebRequest https://github.com/PowerShell/PowerShell/releases/latest -UseBasicParsing
			$LinkPath = ($content | Select-Object -ExpandProperty Links | Where-Object -Property href -Like "*PowerShell-*-win-x64.msi").href
			$URL = "https://github.com$LinkPath"
			$Download.Version = if ($url -match "\d+\.\d+\.\d+(\.\d+)?") {$matches[0] + '.0'}
			</PrefetchScript>
			<URL></URL>
			<DownloadFileName>PowerShell.msi</DownloadFileName>
			<Version></Version>
			<FullVersion></FullVersion>
			<AppRepoFolder>Files</AppRepoFolder>
			<DownloadVersionCheck>[String]$Version = ([String](Get-MSIInfo -Path $DownloadFile -Property ProductVersion)).TrimStart().TrimEnd()</DownloadVersionCheck>
			<ExtraCopyFunctions></ExtraCopyFunctions>
		</Download>
		</Downloads>
	<DeploymentTypes>
		<DeploymentType Name="DeploymentType1">
			<DeploymentTypeName>PowerShell win x64 msi</DeploymentTypeName>
			<InstallationType>Script</InstallationType>
			<Comments></Comments>
			<Language>English</Language>
			<CacheContent>False</CacheContent>
			<BranchCache>True</BranchCache>
			<ContentFallback>True</ContentFallback>
			<OnSlowNetwork>Download</OnSlowNetwork>
			<InstallationMSI>Deploy-Powershell_$Version.exe</InstallationMSI>
			<InstallProgram>Deploy-Powershell_$Version.exe install silent</InstallProgram>
			<UninstallCmd>Deploy-Powershell_$Version.exe uninstall silent</UninstallCmd>
			<Force32bit>False</Force32bit>
			<InstallationBehaviorType>InstallForSystem</InstallationBehaviorType>
			<LogonReqType>WhetherOrNotUserLoggedOn</LogonReqType>
			<UserInteractionMode>Normal</UserInteractionMode>
			<ReqUserInteraction>False</ReqUserInteraction>
			<EstRuntimeMins>10</EstRuntimeMins>
			<MaxRuntimeMins>20</MaxRuntimeMins>
			<RebootBehavior>BasedOnExitCode</RebootBehavior>
			<DetectionMethodType>Custom</DetectionMethodType>
			<CustomDetectionMethods>
				<DetectionClause>
					<DetectionClauseType>File</DetectionClauseType>
					<Name>pwsh.exe</Name>
					<Path>%ProgramFiles%\PowerShell\7</Path>
					<PropertyType>Version</PropertyType>
					<ExpectedValue>$Version</ExpectedValue>
					<ExpressionOperator>GreaterEquals</ExpressionOperator>
					<Value>True</Value>
				</DetectionClause>
			</CustomDetectionMethods>
			<RequirementsRules>
				<RequirementsRule>
					<RequirementsRuleType>Existential</RequirementsRuleType>
					<RequirementsRuleValue>
						<RuleValue>True</RuleValue>
					</RequirementsRuleValue>
					<RequirementsRuleGlobalCondition>AutoPackage - OSArchitecture x64</RequirementsRuleGlobalCondition>
				</RequirementsRule>
			</RequirementsRules>
		</DeploymentType>
	</DeploymentTypes>
	<Distribution>
		<DistributeContent>True</DistributeContent>
		<DistributeToGroup>Source DPs,CMG</DistributeToGroup>
	</Distribution>
	<Supersedence>
		<Supersedence>True</Supersedence>
		<Uninstall>False</Uninstall>
	</Supersedence>
	<Deployment>
		<DeploySoftware>True</DeploySoftware>
		<DeploymentCollection>CCEA Team</DeploymentCollection>
	</Deployment>
</ApplicationDef>
