<ApplicationDef>
	<Application>
		<Name>VLC Media Player</Name>
		<Description>VLC is a free and open source cross-platform multimedia player and framework that plays most multimedia files as well as DVDs, Audio CDs, VCDs, and various streaming protocols.</Description>
		<Publisher>VideoLAN</Publisher>
		<AutoInstall>True</AutoInstall>
		<UserDocumentation>https://www.videolan.org/index.html</UserDocumentation>
		<Icon>VLC.ico</Icon>
		<FolderPath>VideoLAN\VLC Media Player</FolderPath>
		<UsePSADT>
				$AppVender = "VLC Media Player"
				$AppName = "VideoLAN"
				$AppArch = ""
				$AppLang = "EN"
				$AppRev = "01"
				$ScriptVer = "1.0.0"
				$ScriptDate = Get-Date -Format "MM/dd/yyyy"
				$ScriptAuth = "Semosh"
				$ReplaceAppVender = '[string]$appVendor = ''' + $AppVender + ''''
				$ReplaceAppName = '[string]$appName = ''' + $AppName + ''''
				$ReplaceAppVer = '[string]$appVersion = ''' + $Version + ''''
				$ReplaceAppArch = '[string]$appArch = ''' + $AppArch + ''''
				$ReplaceAppLang = '[string]$appLang = ''' + $AppLang + ''''
				$ReplaceAppRev = '[string]$appRevision = ''' + $AppRev + ''''
				$ReplaceScriptVer = '[string]$appScriptVersion = ''' + $ScriptVer + ''''
				$ReplaceScriptDate = '[string]$appScriptDate = ''' + $ScriptDate + ''''
				$ReplaceScriptAuth = '[string]$appScriptAuthor = ''' + $ScriptAuth + ''''
				$ReplaceInstallBehavior = 'Show-InstallationWelcome -CloseApps ''vlc'' -AllowDefer -DeferTimes 3 -CheckDiskSpace -PersistPrompt'
				$ReplacePreInstall =''
				$ReplaceInstall = 'Execute-MSI -Action "Install" -Path "VLCwin64.msi" -Parameters "/qn"'
				$ReplacePostInstall ='Start-Sleep -s 10'
				$ReplaceUninstallBehavior = 'Show-InstallationWelcome -CloseApps ''vlc'' -CloseAppsCountdown 60'
				$ReplacePreUninstall =''
				$ReplaceUninstall = "`$registryEntry = (Search-Registry -StartKey HKLM:\SOFTWARE\Microsoft\Windows\CurrentVersion\Uninstall -Pattern '^VLC.*`$' -MatchData).Key | select -First 1 | Get-ItemProperty -ea 0 
				`$uninstallString = (`$registryEntry.UninstallString).Replace(`"MsiExec.exe /I`",`"`") 
				Execute-MSI -Action Uninstall -Path `"`$uninstallString`" -Parameters `"/qn`""
				$ReplacePostUninstall =''
				$ReplacePreRepair=''
				$ReplaceRepair=''
				$ReplacePostRepair=''
		</UsePSADT>
	</Application>
	<Downloads>
		<Download DeploymentType="DeploymentType1">
			<PrefetchScript>add-type @"
    using System.Net;
    using System.Security.Cryptography.X509Certificates;
    public class TrustAllCertsPolicy : ICertificatePolicy {
        public bool CheckValidationResult(
            ServicePoint srvPoint, X509Certificate certificate,
            WebRequest request, int certificateProblem) {
            return true;
        }
    }
"@
[System.Net.ServicePointManager]::CertificatePolicy = New-Object TrustAllCertsPolicy
			$URL = "https://download.videolan.org/pub/videolan/vlc/last/win64/$(((Invoke-WebRequest 'https://download.videolan.org/pub/videolan/vlc/last/win64/' -UseBasicParsing).Links | Where {$_.href -like "*.msi"} | Select-Object -First 1).href)"</PrefetchScript>
			<URL></URL>
			<DownloadFileName>VLCwin64.msi</DownloadFileName>
			<Version></Version>
			<FullVersion></FullVersion>
			<AppRepoFolder>Files</AppRepoFolder>
			<DownloadVersionCheck>[String]$Version = ([String](Get-MSIInfo -Path $DownloadFile -Property ProductVersion)).TrimStart().TrimEnd()</DownloadVersionCheck>
			<ExtraCopyFunctions></ExtraCopyFunctions>
		</Download>
	</Downloads>
	<DeploymentTypes>
	<DeploymentType Name="DeploymentType1">
			<DeploymentTypeName>VLC Silent Install x64</DeploymentTypeName>
			<InstallationType>Script</InstallationType>
			<CacheContent>False</CacheContent>
			<BranchCache>True</BranchCache>
			<ContentFallback>True</ContentFallback>
			<OnSlowNetwork>Download</OnSlowNetwork>
			<InstallationMSI>Deploy-VLC_Media_Player_$Version.exe</InstallationMSI>
			<InstallProgram>Deploy-VLC_Media_Player_$Version.exe install silent</InstallProgram>
			<UninstallCmd>Deploy-VLC_Media_Player_$Version.exe uninstall silent</UninstallCmd>
			<UninstallOption>SameAsInstall</UninstallOption>
			<InstallationBehaviorType>InstallForSystem</InstallationBehaviorType>
			<LogonReqType>WhetherOrNotUserLoggedOn</LogonReqType>
			<UserInteractionMode>Normal</UserInteractionMode>
			<EstRuntimeMins>10</EstRuntimeMins>
			<MaxRuntimeMins>20</MaxRuntimeMins>
			<RebootBehavior>BasedOnExitCode</RebootBehavior>
<DetectionMethodType>CustomScript</DetectionMethodType>
			<ScriptLanguage>PowerShell</ScriptLanguage>
			<DetectionMethod>function Search-Registry {
    [CmdletBinding()]
    param(
        [parameter(Position = 0, Mandatory = $TRUE)]
        [String] $StartKey,
        [parameter(Position = 1, Mandatory = $TRUE)]
        [String] $Pattern,
        [Switch] $MatchKey,
        [Switch] $MatchValue,
        [Switch] $MatchData,
        [UInt32] $MaximumMatches = 0,
        [parameter(Mandatory = $FALSE)] [Switch] $ExactMatch,
        [parameter(ValueFromPipeline = $TRUE)]
        [String[]] $ComputerName = $ENV:COMPUTERNAME
    )

    begin {
        $PIPELINEINPUT = (-not $PSBOUNDPARAMETERS.ContainsKey("ComputerName")) -and
        (-not $ComputerName)

        # Throw an error if -Pattern is not valid
        try {
            "" -match $Pattern | out-null
        }
        catch [System.Management.Automation.RuntimeException] {
            throw "-Pattern parameter not valid - $($_.Exception.Message)"
        }

        # You must specify at least one matching criteria
        if (-not ($MatchKey -or $MatchValue -or $MatchData)) {
            throw "You must specify at least one of: -MatchKey -MatchValue -MatchData"
        }

        # Interpret zero as "maximum possible number of matches"
        if ($MaximumMatches -eq 0) { $MaximumMatches = [UInt32]::MaxValue }

        # These two hash tables speed up lookup of key names and hive types
        $HiveNameToHive = @{
            "HKCR"               = [Microsoft.Win32.RegistryHive] "ClassesRoot";
            "HKEY_CLASSES_ROOT"  = [Microsoft.Win32.RegistryHive] "ClassesRoot";
            "HKCU"               = [Microsoft.Win32.RegistryHive] "CurrentUser";
            "HKEY_CURRENT_USER"  = [Microsoft.Win32.RegistryHive] "CurrentUser";
            "HKLM"               = [Microsoft.Win32.RegistryHive] "LocalMachine";
            "HKEY_LOCAL_MACHINE" = [Microsoft.Win32.RegistryHive] "LocalMachine";
            "HKU"                = [Microsoft.Win32.RegistryHive] "Users";
            "HKEY_USERS"         = [Microsoft.Win32.RegistryHive] "Users";
        }
        $HiveToHiveName = @{
            [Microsoft.Win32.RegistryHive] "ClassesRoot"  = "HKCR";
            [Microsoft.Win32.RegistryHive] "CurrentUser"  = "HKCU";
            [Microsoft.Win32.RegistryHive] "LocalMachine" = "HKLM";
            [Microsoft.Win32.RegistryHive] "Users"        = "HKU";
        }

        # Sanitize $StartKey of trailing "\"
        if ($startKey -match "\\$") {
            $StartKey = $StartKey -replace ".$"
        }
		
        $StartKey | select-string "([^:\\]+):?\\?(.+)?" | foreach-object {
            $HiveName = $_.Matches[0].Groups[1].Value
            $StartPath = $_.Matches[0].Groups[2].Value
        }

        if (-not $HiveNameToHive.ContainsKey($HiveName)) {
            throw "Invalid registry path"
        }
        else {
            $Hive = $HiveNameToHive[$HiveName]
            $HiveName = $HiveToHiveName[$Hive]
        }

        # Recursive function that searches the registry
        function search-registrykey($computerName, $rootKey, $keyPath, [Ref] $matchCount) {
            # Write error and return if unable to open the key path as read-only
            try {
                $subKey = $rootKey.OpenSubKey($keyPath, $FALSE)
            }
            catch [System.Management.Automation.MethodInvocationException] {
                $message = $_.Exception.Message
                write-error "$message - $($HiveName):\$keyPath"
                return
            }

            
            if (-not $subKey) {
                write-error "Key does not exist: $($HiveName):\$keyPath" -category ObjectNotFound
                return
            }

            # Search for value and/or data; -MatchValue also returns the data
            if ($MatchValue -or $MatchData) {
                if ($matchCount.Value -lt $MaximumMatches) {
                    foreach ($valueName in $subKey.GetValueNames()) {
                        $valueData = $subKey.GetValue($valueName)
                        if ($ExactMatch) {
                            if (($MatchValue -and ($valueName -contains $Pattern)) -or ($MatchData -and ($valueData -contains $Pattern))) {
                                "" | select-object `
                                @{N = "ComputerName"; E = { $computerName } },
                                @{N = "Key"; E = { "$($HiveName):\$keyPath" } },
                                @{N = "Value"; E = { $valueName } },
                                @{N = "Data"; E = { $valueData } }
                                $matchCount.Value++
                            }
                        }
                        else {
                            if (($MatchValue -and ($valueName -match $Pattern)) -or ($MatchData -and ($valueData -match $Pattern))) {
                                "" | select-object `
                                @{N = "ComputerName"; E = { $computerName } },
                                @{N = "Key"; E = { "$($HiveName):\$keyPath" } },
                                @{N = "Value"; E = { $valueName } },
                                @{N = "Data"; E = { $valueData } }
                                $matchCount.Value++
                            }
                        }
                        if ($matchCount.Value -eq $MaximumMatches) { break }
                    }
                }
            }

            # Iterate and recurse through subkeys; if -MatchKey requested, output
            # objects only report computer and key (keys do not have values or data)
            if ($matchCount.Value -lt $MaximumMatches) {
                foreach ($keyName in $subKey.GetSubKeyNames()) {
                    if ($keyPath -eq "") {
                        $subkeyPath = $keyName
                    }
                    else {
                        $subkeyPath = $keyPath + "\" + $keyName
                    }
                    if ($ExactMatch) {
                        if ($MatchKey -and ($keyName -contains $Pattern)) {
                            "" | select-object `
                            @{N = "ComputerName"; E = { $computerName } },
                            @{N = "Key"; E = { "$($HiveName):\$subkeyPath" } },
                            @{N = "Value"; E = {} },
                            @{N = "Data"; E = {} }
                            $matchCount.Value++
                        }
                    }
                    else {
                        if ($MatchKey -and ($keyName -match $Pattern)) {
                            "" | select-object `
                            @{N = "ComputerName"; E = { $computerName } },
                            @{N = "Key"; E = { "$($HiveName):\$subkeyPath" } },
                            @{N = "Value"; E = {} },
                            @{N = "Data"; E = {} }
                            $matchCount.Value++
                        }
                    }
                    # $matchCount is a reference
                    search-registrykey $computerName $rootKey $subkeyPath $matchCount
                    if ($matchCount.Value -eq $MaximumMatches) { break }
                }
            }

            # Close opened subkey
            $subKey.Close()
        }

        # Core function opens the registry on a computer and initiates searching
        function search-registry2($computerName) {
            # Write error and return if unable to open the key on the computer
            try {
                $rootKey = [Microsoft.Win32.RegistryKey]::OpenRemoteBaseKey($Hive, $computerName)
            }
            catch [System.Management.Automation.MethodInvocationException] {
                $message = $_.Exception.Message
                write-error "$message - $computerName"
                return
            }
            # $matchCount is per computer; pass to recursive function as reference
            $matchCount = 0
            search-registrykey $computerName $rootKey $StartPath ([Ref] $matchCount)
            $rootKey.Close()
        }
    }

    process {
        if ($PIPELINEINPUT) {
            search-registry2 $_
        }
        else {
            $ComputerName | foreach-object {
                search-registry2 $_
            }
        }
    }
}

$x64 = (Search-Registry -StartKey HKLM:\SOFTWARE\Microsoft\Windows\CurrentVersion\Uninstall -Pattern "^VLC.*$" -MatchData).Key | select -First 1 | Get-ItemProperty -ea 0

if ([version]$x64.DisplayVersion -ge [version]"$Version") {
    return $true
}</DetectionMethod>
			<RequirementsRules>
				<RequirementsRule>
					<RequirementsRuleType>Existential</RequirementsRuleType>
					<RequirementsRuleValue>
						<RuleValue>True</RuleValue>
					</RequirementsRuleValue>
					<RequirementsRuleGlobalCondition>AutoPackage - OSArchitecture x64</RequirementsRuleGlobalCondition>
				</RequirementsRule>
			</RequirementsRules>
		</DeploymentType>
	</DeploymentTypes>
<Distribution>
		<DistributeContent>True</DistributeContent>
		<DistributeToGroup>Source DPs,CMG</DistributeToGroup>
	</Distribution>
	<Supersedence>
		<Supersedence>True</Supersedence>
		<Uninstall>False</Uninstall>
	</Supersedence>
	<Deployment>
		<DeploySoftware>True</DeploySoftware>
		<DeploymentCollection>CCEA Team</DeploymentCollection>
	</Deployment>
</ApplicationDef>