<ApplicationDef>
	<Application>
		<!-- Note: Microsoft does not recommend deploying updated versions of the MSI, so it is recommeded to run this once then move it to disabled -->
		<Name>Microsoft Teams</Name>
		<Description>Microsoft Teams is a platform that combines workplace chat, meetings, notes, and attachments. The service integrates with the company's Office 365 subscription office productivity suite, including Microsoft Office and Skype, and features extensions that can integrate with non-Microsoft products.</Description>
		<Publisher>Microsoft</Publisher>
		<AutoInstall>True</AutoInstall>
		<UserDocumentation>https://products.office.com/en-us/microsoft-teams/group-chat-software</UserDocumentation>
		<Icon>MSTeams.ico</Icon>
		<FolderPath>Microsoft\Teams</FolderPath>
	</Application>
	<Downloads>
		<Download DeploymentType="DeploymentType1">
			<PrefetchScript></PrefetchScript>
			<URL>http://aka.ms/teams64bitmsi</URL>
			<Version></Version>
			<FullVersion></FullVersion>
			<DownloadFileName>Teamsx64.msi</DownloadFileName>
			<DownloadVersionCheck>$Version = ([String](Get-MSIInfo -Path $TempDir\Teamsx64.msi -Property ProductVersion)).TrimStart().TrimEnd()</DownloadVersionCheck>
			<ExtraCopyFunctions></ExtraCopyFunctions>
		</Download>
		<Download DeploymentType="DeploymentType2">
			<PrefetchScript></PrefetchScript>
			<URL>http://aka.ms/teams32bitmsi</URL>
			<Version></Version>
			<FullVersion></FullVersion>
			<DownloadFileName>Teamsx86.msi</DownloadFileName>
			<DownloadVersionCheck>$Version = ([String](Get-MSIInfo -Path $TempDir\Teamsx86.msi -Property ProductVersion)).TrimStart().TrimEnd()</DownloadVersionCheck>
			<ExtraCopyFunctions></ExtraCopyFunctions>
		</Download>
	</Downloads>
	<DeploymentTypes>
		<DeploymentType Name="DeploymentType1">
			<DeploymentTypeName>Microsoft Teams x64 Install</DeploymentTypeName>
			<InstallationType>MSI</InstallationType>
			<CacheContent>False</CacheContent>
			<BranchCache>True</BranchCache>
			<ContentFallback>True</ContentFallback>
			<OnSlowNetwork>Download</OnSlowNetwork>
			<InstallationMSI>Teamsx64.msi</InstallationMSI>
			<UninstallCmd></UninstallCmd>
			<InstallationBehaviorType>InstallForSystem</InstallationBehaviorType>
			<LogonReqType>WhetherOrNotUserLoggedOn</LogonReqType>
			<UserInteractionMode>Hidden</UserInteractionMode>
			<EstRuntimeMins>15</EstRuntimeMins>
			<MaxRuntimeMins>30</MaxRuntimeMins>
			<RebootBehavior>BasedOnExitCode</RebootBehavior>
			<DetectionMethodType>MSI</DetectionMethodType>
			<RequirementsRules>
				<RequirementsRule>
					<RequirementsRuleType>Existential</RequirementsRuleType>
					<RequirementsRuleValue>
						<RuleValue>True</RuleValue>
					</RequirementsRuleValue>
					<RequirementsRuleGlobalCondition>AutoPackage - OSArchitecture x64</RequirementsRuleGlobalCondition>
				</RequirementsRule>
			</RequirementsRules>
		</DeploymentType>
		<DeploymentType Name="DeploymentType1">
			<DeploymentTypeName>Microsoft Teams x86 Install</DeploymentTypeName>
			<InstallationType>MSI</InstallationType>
			<CacheContent>False</CacheContent>
			<BranchCache>True</BranchCache>
			<ContentFallback>True</ContentFallback>
			<OnSlowNetwork>Download</OnSlowNetwork>
			<InstallationMSI>Teamsx86.msi</InstallationMSI>
			<UninstallCmd></UninstallCmd>
			<InstallationBehaviorType>InstallForSystem</InstallationBehaviorType>
			<LogonReqType>WhetherOrNotUserLoggedOn</LogonReqType>
			<UserInteractionMode>Hidden</UserInteractionMode>
			<EstRuntimeMins>15</EstRuntimeMins>
			<MaxRuntimeMins>30</MaxRuntimeMins>
			<RebootBehavior>BasedOnExitCode</RebootBehavior>
			<DetectionMethodType>MSI</DetectionMethodType>
			<Requirements>
				<RuleName>OS Architecture x86</RuleName>
			</Requirements>
		</DeploymentType>
	</DeploymentTypes>
	<Distribution>
		<DistributeContent>False</DistributeContent>
		<DistributeToGroup></DistributeToGroup>
	</Distribution>
	<Deployment>
		<DeploySoftware>False</DeploySoftware>
		<DeploymentCollection></DeploymentCollection>
	</Deployment>
</ApplicationDef>