<ApplicationDef>
	<Application>
		<Name>WinSCP</Name>
		<Description>WinSCP is an open source free SFTP client, FTP client, WebDAV client and SCP client for Windows. Its main function is file transfer between a local and a remote computer. Beyond this, WinSCP offers scripting and basic file manager functionality.</Description>
		<Publisher>WinSCP.net</Publisher>
		<AutoInstall>True</AutoInstall>
		<UserDocumentation>https://winscp.net/eng/download.php</UserDocumentation>
		<Icon>WinSCP.ico</Icon>
		<FolderPath>Igor Pavlov\7-Zip</FolderPath>
		<UsePSADT>				
			$AppVender = "Igor Pavlov"
			$AppName = "7-Zip"
			$AppArch = ""
			$AppLang = "EN"
			$AppRev = "01"
			$ScriptVer = "1.0.0"
			$ScriptDate = Get-Date -Format "MM/dd/yyyy"
			$ScriptAuth = "Semosh"
			$ReplaceAppVender = '[string]$appVendor = ''' + $AppVender + ''''
			$ReplaceAppName = '[string]$appName = ''' + $AppName + ''''
			$ReplaceAppVer = '[string]$appVersion = ''' + $Version + ''''
			$ReplaceAppArch = '[string]$appArch = ''' + $AppArch + ''''
			$ReplaceAppLang = '[string]$appLang = ''' + $AppLang + ''''
			$ReplaceAppRev = '[string]$appRevision = ''' + $AppRev + ''''
			$ReplaceScriptVer = '[string]$appScriptVersion = ''' + $ScriptVer + ''''
			$ReplaceScriptDate = '[string]$appScriptDate = ''' + $ScriptDate + ''''
			$ReplaceScriptAuth = '[string]$appScriptAuthor = ''' + $ScriptAuth + ''''
			$ReplaceInstallBehavior = 'Show-InstallationWelcome -CloseApps ''7zFM'' -AllowDefer -DeferTimes 3 -CheckDiskSpace -PersistPrompt'
			$ReplacePreInstall =''
			$ReplaceInstall = "Execute-MSI -Action Install -Path '7Zipx64.msi'"
			$ReplacePostInstall =''
			$ReplaceUninstallBehavior = 'Show-InstallationWelcome -CloseApps ''7zFM'' -CloseAppsCountdown 60'
			$ReplacePreUninstall =''
			$ReplaceUninstall = "Remove-MSIApplications -Name '7-Zip'"
			$ReplacePostUninstall =''
			$ReplacePreRepair=''
			$ReplaceRepair=''
			$ReplacePostRepair=''
		</UsePSADT>
	</Application>
	<Downloads>
		<Download DeploymentType="DeploymentType1">
			<PrefetchScript>[Net.ServicePointManager]::SecurityProtocol = [Net.SecurityProtocolType]::Tls12
			$URL = "https://winscp.net$((invoke-webrequest https://winscp.net/eng/download.php -UseBasicParsing | Select -ExpandProperty links | where -property href -like "*/download/WinSCP-*-Setup.exe")[0].href)"
			$URL = (Invoke-webrequest $URL -MaximumRedirection 0 | Select -ExpandProperty Links | Where innerHTML -eq "Direct Download")[0].href
			</PrefetchScript>
			<URL></URL>
			<DownloadFileName>WinSCP-Setup.exe</DownloadFileName>
			<Version></Version>
			<FullVersion></FullVersion>
			<DownloadVersionCheck>$Version = ((Get-item $TempDir\$DownloadFileName).VersionInfo.FileVersion).TrimStart().TrimEnd()</DownloadVersionCheck>
			<ExtraCopyFunctions></ExtraCopyFunctions>
		</Download>
	</Downloads>
	<DeploymentTypes>
		<DeploymentType Name="DeploymentType1">
			<DeploymentTypeName>WinSCP Silent Install</DeploymentTypeName>
			<InstallationType>Script</InstallationType>
			<CacheContent>False</CacheContent>
			<BranchCache>True</BranchCache>
			<ContentFallback>True</ContentFallback>
			<OnSlowNetwork>Download</OnSlowNetwork>
			<InstallProgram>WinSCP-Setup.exe /VerySilent /ALLUSERS</InstallProgram>
			<UninstallCmd>`"%ProgramFiles(x86)%\WinSCP\unins000.exe`" /VERYSILENT</UninstallCmd>
			<InstallationBehaviorType>InstallForSystem</InstallationBehaviorType>
			<LogonReqType>WhetherOrNotUserLoggedOn</LogonReqType>
			<UserInteractionMode>Hidden</UserInteractionMode>
			<EstRuntimeMins>10</EstRuntimeMins>
			<MaxRuntimeMins>40</MaxRuntimeMins>
			<RebootBehavior>BasedOnExitCode</RebootBehavior>
			<DetectionMethodType>Custom</DetectionMethodType>
			<CustomDetectionMethods>
				<DetectionClause>
					<DetectionClauseType>RegistryKeyValue</DetectionClauseType>
					<Hive>LocalMachine</Hive>
					<KeyName>SOFTWARE\WOW6432Node\Microsoft\Windows\CurrentVersion\Uninstall\winscp3_is1</KeyName>
					<ValueName>DisplayVersion</ValueName>
					<PropertyType>Version</PropertyType>
					<ExpressionOperator>IsEquals</ExpressionOperator>
					<ExpectedValue>$Version</ExpectedValue>
					<Value>True</Value>
				</DetectionClause>
			</CustomDetectionMethods>
		</DeploymentType>
	</DeploymentTypes>
	<Distribution>
		<DistributeContent>True</DistributeContent>
	</Distribution>
	<Deployment>
		<DeploySoftware>True</DeploySoftware>
	</Deployment>
</ApplicationDef>