<ApplicationDef>
	<Application>
		<Name>NotePad++</Name>
		<Description>Notepad++ is a free source code editor and Notepad replacement that supports several languages. Running in the MS Windows environment, its use is governed by GPL License.</Description>
		<Publisher>Don Ho</Publisher>
		<AutoInstall>True</AutoInstall>
		<UserDocumentation>https://notepad-plus-plus.org/</UserDocumentation>
		<Icon>Notepad++.ico</Icon>
		<FolderPath>Don Ho\NotePad++</FolderPath>
		<UsePSADT>				
			$AppVender = "NotePad++"
			$AppName = "Don Ho"
			$AppArch = ""
			$AppLang = "EN"
			$AppRev = "01"
			$ScriptVer = "1.0.0"
			$ScriptDate = Get-Date -Format "MM/dd/yyyy"
			$ScriptAuth = "Semosh"
			$ReplaceAppVender = '[string]$appVendor = ''' + $AppVender + ''''
			$ReplaceAppName = '[string]$appName = ''' + $AppName + ''''
			$ReplaceAppVer = '[string]$appVersion = ''' + $Version + ''''
			$ReplaceAppArch = '[string]$appArch = ''' + $AppArch + ''''
			$ReplaceAppLang = '[string]$appLang = ''' + $AppLang + ''''
			$ReplaceAppRev = '[string]$appRevision = ''' + $AppRev + ''''
			$ReplaceScriptVer = '[string]$appScriptVersion = ''' + $ScriptVer + ''''
			$ReplaceScriptDate = '[string]$appScriptDate = ''' + $ScriptDate + ''''
			$ReplaceScriptAuth = '[string]$appScriptAuthor = ''' + $ScriptAuth + ''''
			$ReplaceInstallBehavior = 'Show-InstallationWelcome -CloseApps ''notepad++'' -AllowDefer -DeferTimes 3 -CheckDiskSpace -PersistPrompt'
			$ReplacePreInstall =''
			$ReplaceInstall = "Execute-Process -Path 'NotePadppInstallerx64.exe' -Parameters '/noUpdater /S' -WindowStyle 'Hidden'"
			$ReplacePostInstall =''
			$ReplaceUninstallBehavior = 'Show-InstallationWelcome -CloseApps ''notepad++'' -CloseAppsCountdown 60'
			$ReplacePreUninstall =''
			$ReplaceUninstall = 'Execute-Process -Path "$($envProgramFiles)\Notepad++\uninstall.exe" -Parameters "/S"
			Start-Sleep -Seconds 5'
			$ReplacePostUninstall =''
			$ReplacePreRepair=''
			$ReplaceRepair=''
			$ReplacePostRepair=''
		</UsePSADT>											  
	</Application>
	<Downloads>
		<Download DeploymentType="DeploymentType1">
			<PrefetchScript>$LinkPath = ((Invoke-WebRequest https://github.com/notepad-plus-plus/notepad-plus-plus/releases/latest -UseBasicParsing)| Select-Object -ExpandProperty Links | Where-Object -Property href -Like "*npp.*.Installer.x64.exe").href
			$URL = "https://github.com$LinkPath"</PrefetchScript>
			<URL></URL>
			<DownloadFileName>NotePadppInstallerx64.exe</DownloadFileName>
			<Version></Version>
			<FullVersion></FullVersion>
			<AppRepoFolder>Files</AppRepoFolder>
			<DownloadVersionCheck>$Version = (Get-item $TempDir\$DownloadFileName).VersionInfo.FileVersion</DownloadVersionCheck>
			<ExtraCopyFunctions></ExtraCopyFunctions>
		</Download>
	</Downloads>
	<DeploymentTypes>
		<DeploymentType Name="DeploymentType1">
			<DeploymentTypeName>NotePad++ Silent Installer x64</DeploymentTypeName>
			<InstallationType>Script</InstallationType>
			<CacheContent>False</CacheContent>
			<BranchCache>True</BranchCache>
			<ContentFallback>True</ContentFallback>
			<OnSlowNetwork>Download</OnSlowNetwork>
			<InstallationMSI>Deploy-Notepad++_$Version.exe</InstallationMSI>
			<InstallProgram>Deploy-Notepad++_$Version.exe install silent</InstallProgram>
			<UninstallCmd>Deploy-Notepad++_$Version.exe uninstall silent</UninstallCmd>
			<InstallationBehaviorType>InstallForSystem</InstallationBehaviorType>
			<LogonReqType>WhetherOrNotUserLoggedOn</LogonReqType>
			<UserInteractionMode>Normal</UserInteractionMode>
			<EstRuntimeMins>15</EstRuntimeMins>
			<MaxRuntimeMins>60</MaxRuntimeMins>
			<RebootBehavior>BasedOnExitCode</RebootBehavior>
			<DetectionMethodType>Custom</DetectionMethodType>
			<CustomDetectionMethods>
				<DetectionClause>
					<DetectionClauseType>File</DetectionClauseType>
					<Name>notepad++.exe</Name>
					<Path>%ProgramFiles%\Notepad++\</Path>
					<PropertyType>Version</PropertyType>
					<ExpectedValue>$Version</ExpectedValue>
					<ExpressionOperator>GreaterEquals</ExpressionOperator>
					<Value>True</Value>
				</DetectionClause>
			</CustomDetectionMethods>
			<RequirementsRules>
				<RequirementsRule>
					<RequirementsRuleType>Existential</RequirementsRuleType>
					<RequirementsRuleValue>
						<RuleValue>True</RuleValue>
					</RequirementsRuleValue>
					<RequirementsRuleGlobalCondition>AutoPackage - OSArchitecture x64</RequirementsRuleGlobalCondition>
				</RequirementsRule>
			</RequirementsRules>
		</DeploymentType>
	</DeploymentTypes>
<Distribution>
		<DistributeContent>True</DistributeContent>
		<DistributeToGroup>Source DPs,CMG</DistributeToGroup>
	</Distribution>
	<Supersedence>
		<Supersedence>True</Supersedence>
		<Uninstall>False</Uninstall>
	</Supersedence>
	<Deployment>
		<DeploySoftware>True</DeploySoftware>
		<DeploymentCollection>CCEA Team</DeploymentCollection>
	</Deployment>
</ApplicationDef>