<ApplicationDef>
	<Application>
		<Name>Splunk Universal Forwarder</Name>
		<Description>The universal forwarder collects data from a data source or another forwarder and sends it to a forwarder or a Splunk deployment.</Description>
		<Publisher>Splunk</Publisher>
		<AutoInstall>True</AutoInstall>
		<UserDocumentation>https://docs.splunk.com/Documentation/Forwarder/8.2.2/Forwarder/Abouttheuniversalforwarder</UserDocumentation>
		<Icon>Splunk.png</Icon>
		<FolderPath>Hilton Applications\Splunk</FolderPath>
		<UsePSADT>				
			$AppVender = "Splunk"
			$AppName = "Splunk Universal Forwarder"
			$AppArch = ""
			$AppLang = "EN"
			$AppRev = "01"
			$ScriptVer = "1.0.0"
			$ScriptDate = Get-Date -Format "MM/dd/yyyy"
			$ScriptAuth = "Semosh"
			$ReplaceAppVender = '[string]$appVendor = ''' + $AppVender + ''''
			$ReplaceAppName = '[string]$appName = ''' + $AppName + ''''
			$ReplaceAppVer = '[string]$appVersion = ''' + $Version + ''''
			$ReplaceAppArch = '[string]$appArch = ''' + $AppArch + ''''
			$ReplaceAppLang = '[string]$appLang = ''' + $AppLang + ''''
			$ReplaceAppRev = '[string]$appRevision = ''' + $AppRev + ''''
			$ReplaceScriptVer = '[string]$appScriptVersion = ''' + $ScriptVer + ''''
			$ReplaceScriptDate = '[string]$appScriptDate = ''' + $ScriptDate + ''''
			$ReplaceScriptAuth = '[string]$appScriptAuthor = ''' + $ScriptAuth + ''''
			$ReplaceInstallBehavior = 'Show-InstallationWelcome -CloseApps ''Splunk'' -AllowDefer -DeferTimes 3 -CheckDiskSpace -PersistPrompt'
			$ReplacePreInstall ="Stop-ServiceAndDependencies -Name 'SplunkForwarder'"
			$ReplaceInstall = "Execute-MSI -Action Install -Path 'splunkforwarder.msi' -parameters 'LAUNCHSPLUNK=0 AGREETOLICENSE=Yes SERVICESTARTTYPE=auto /quiet'"
			$ReplacePostInstall ="		if(($item = Get-Item -Path "$envProgramFiles\SplunkUniversalForwarder\etc\apps" -ErrorAction SilentlyContinue)) {
			Copy-Item -path "$dirSupportFiles\*" -Destination "$envProgramFiles\SplunkUniversalForwarder\etc\apps" -Recurse
		} else {
			New-Item -Path "$envProgramFiles\SplunkUniversalForwarder\etc\apps" -ItemType Directory
			Copy-Item -path "$dirSupportFiles\*" -Destination "$envProgramFiles\SplunkUniversalForwarder\etc\apps" -Recurse
		}
			Start-ServiceAndDependencies -Name 'SplunkForwarder'"
			$ReplaceUninstallBehavior = 'Show-InstallationWelcome -CloseApps ''Splunk'' -CloseAppsCountdown 60'
			$ReplacePreUninstall ="Stop-ServiceAndDependencies -Name 'SplunkForwarder'"
			$ReplaceUninstall = "Remove-MSIApplications -Name 'UniversalForwarder'"
			$ReplacePostUninstall =''
			$ReplacePreRepair=''
			$ReplaceRepair=''
			$ReplacePostRepair=''
		</UsePSADT>
	</Application>
	<Downloads>
		<Download DeploymentType="DeploymentType1">
			<PrefetchScript>$url = (Invoke-WebRequest "https://www.splunk.com/en_us/download/universal-forwarder.html" |select -ExpandProperty links | Select-String -Pattern "https://.*splunkforwarder-\d\.\d\.\d\.\d\-\w+\-x64\-release.msi" | % { $_.matches } | % { $_.Value }).split(" ").replace("`"", "").replace("data-link=","")[4]</PrefetchScript>
			<URL></URL>
			<DownloadFileName>splunkforwarder.msi</DownloadFileName>
			<Version></Version>
			<FullVersion></FullVersion>
			<DownloadVersionCheck>[String]$Version = ([String](Get-MSIInfo -Path $DownloadFile -Property ProductVersion)).TrimStart().TrimEnd()
			$Version = $version.Substring(0,$Version.Length-2)</DownloadVersionCheck>
			<ExtraCopyFunctions></ExtraCopyFunctions>
			<AppRepoFolder>Files</AppRepoFolder>
		</Download>
	</Downloads>
	<DeploymentTypes>
		<DeploymentType Name="DeploymentType1">
			<DeploymentTypeName>Splunk Universal Forwarder Silent Install x64</DeploymentTypeName>
			<InstallationType>Script</InstallationType>
			<Comments>Silent Installer for Splunk</Comments>
			<Language>English</Language>
			<CacheContent>False</CacheContent>
			<BranchCache>True</BranchCache>
			<ContentFallback>True</ContentFallback>
			<OnSlowNetwork>Download</OnSlowNetwork>
			<InstallationMSI>Deploy-Splunk_Universal_Forwarder_$Version.exe</InstallationMSI>
			<InstallProgram>Deploy-Splunk_Universal_Forwarder_$Version.exe install silent</InstallProgram>
			<UninstallCmd>Deploy-Splunk_Universal_Forwarder_$Version.exe uninstall silent</UninstallCmd>
			<Force32bit>False</Force32bit>
			<InstallationBehaviorType>InstallForSystem</InstallationBehaviorType>
			<LogonReqType>WhetherOrNotUserLoggedOn</LogonReqType>
			<UserInteractionMode>Normal</UserInteractionMode>
			<ReqUserInteraction>False</ReqUserInteraction>
			<EstRuntimeMins>5</EstRuntimeMins>
			<MaxRuntimeMins>15</MaxRuntimeMins>
			<RebootBehavior>BasedOnExitCode</RebootBehavior>
			<DetectionMethodType>CustomScript</DetectionMethodType>
			<ScriptLanguage>PowerShell</ScriptLanguage>
			<DetectionMethod>function Search-Registry {
    [CmdletBinding()]
    param(
        [parameter(Position = 0, Mandatory = $TRUE)]
        [String] $StartKey,
        [parameter(Position = 1, Mandatory = $TRUE)]
        [String] $Pattern,
        [Switch] $MatchKey,
        [Switch] $MatchValue,
        [Switch] $MatchData,
        [UInt32] $MaximumMatches = 0,
        [parameter(Mandatory = $FALSE)] [Switch] $ExactMatch,
        [parameter(ValueFromPipeline = $TRUE)]
        [String[]] $ComputerName = $ENV:COMPUTERNAME
    )

    begin {
        $PIPELINEINPUT = (-not $PSBOUNDPARAMETERS.ContainsKey("ComputerName")) -and
        (-not $ComputerName)

        # Throw an error if -Pattern is not valid
        try {
            "" -match $Pattern | out-null
        }
        catch [System.Management.Automation.RuntimeException] {
            throw "-Pattern parameter not valid - $($_.Exception.Message)"
        }

        # You must specify at least one matching criteria
        if (-not ($MatchKey -or $MatchValue -or $MatchData)) {
            throw "You must specify at least one of: -MatchKey -MatchValue -MatchData"
        }

        # Interpret zero as "maximum possible number of matches"
        if ($MaximumMatches -eq 0) { $MaximumMatches = [UInt32]::MaxValue }

        # These two hash tables speed up lookup of key names and hive types
        $HiveNameToHive = @{
            "HKCR"               = [Microsoft.Win32.RegistryHive] "ClassesRoot";
            "HKEY_CLASSES_ROOT"  = [Microsoft.Win32.RegistryHive] "ClassesRoot";
            "HKCU"               = [Microsoft.Win32.RegistryHive] "CurrentUser";
            "HKEY_CURRENT_USER"  = [Microsoft.Win32.RegistryHive] "CurrentUser";
            "HKLM"               = [Microsoft.Win32.RegistryHive] "LocalMachine";
            "HKEY_LOCAL_MACHINE" = [Microsoft.Win32.RegistryHive] "LocalMachine";
            "HKU"                = [Microsoft.Win32.RegistryHive] "Users";
            "HKEY_USERS"         = [Microsoft.Win32.RegistryHive] "Users";
        }
        $HiveToHiveName = @{
            [Microsoft.Win32.RegistryHive] "ClassesRoot"  = "HKCR";
            [Microsoft.Win32.RegistryHive] "CurrentUser"  = "HKCU";
            [Microsoft.Win32.RegistryHive] "LocalMachine" = "HKLM";
            [Microsoft.Win32.RegistryHive] "Users"        = "HKU";
        }

        # Sanitize $StartKey of trailing "\"
        if ($startKey -match "\\$") {
            $StartKey = $StartKey -replace ".$"
        }
		
        $StartKey | select-string "([^:\\]+):?\\?(.+)?" | foreach-object {
            $HiveName = $_.Matches[0].Groups[1].Value
            $StartPath = $_.Matches[0].Groups[2].Value
        }

        if (-not $HiveNameToHive.ContainsKey($HiveName)) {
            throw "Invalid registry path"
        }
        else {
            $Hive = $HiveNameToHive[$HiveName]
            $HiveName = $HiveToHiveName[$Hive]
        }

        # Recursive function that searches the registry
        function search-registrykey($computerName, $rootKey, $keyPath, [Ref] $matchCount) {
            # Write error and return if unable to open the key path as read-only
            try {
                $subKey = $rootKey.OpenSubKey($keyPath, $FALSE)
            }
            catch [System.Management.Automation.MethodInvocationException] {
                $message = $_.Exception.Message
                write-error "$message - $($HiveName):\$keyPath"
                return
            }

            
            if (-not $subKey) {
                write-error "Key does not exist: $($HiveName):\$keyPath" -category ObjectNotFound
                return
            }

            # Search for value and/or data; -MatchValue also returns the data
            if ($MatchValue -or $MatchData) {
                if ($matchCount.Value -lt $MaximumMatches) {
                    foreach ($valueName in $subKey.GetValueNames()) {
                        $valueData = $subKey.GetValue($valueName)
                        if ($ExactMatch) {
                            if (($MatchValue -and ($valueName -contains $Pattern)) -or ($MatchData -and ($valueData -contains $Pattern))) {
                                "" | select-object `
                                @{N = "ComputerName"; E = { $computerName } },
                                @{N = "Key"; E = { "$($HiveName):\$keyPath" } },
                                @{N = "Value"; E = { $valueName } },
                                @{N = "Data"; E = { $valueData } }
                                $matchCount.Value++
                            }
                        }
                        else {
                            if (($MatchValue -and ($valueName -match $Pattern)) -or ($MatchData -and ($valueData -match $Pattern))) {
                                "" | select-object `
                                @{N = "ComputerName"; E = { $computerName } },
                                @{N = "Key"; E = { "$($HiveName):\$keyPath" } },
                                @{N = "Value"; E = { $valueName } },
                                @{N = "Data"; E = { $valueData } }
                                $matchCount.Value++
                            }
                        }
                        if ($matchCount.Value -eq $MaximumMatches) { break }
                    }
                }
            }

            # Iterate and recurse through subkeys; if -MatchKey requested, output
            # objects only report computer and key (keys do not have values or data)
            if ($matchCount.Value -lt $MaximumMatches) {
                foreach ($keyName in $subKey.GetSubKeyNames()) {
                    if ($keyPath -eq "") {
                        $subkeyPath = $keyName
                    }
                    else {
                        $subkeyPath = $keyPath + "\" + $keyName
                    }
                    if ($ExactMatch) {
                        if ($MatchKey -and ($keyName -contains $Pattern)) {
                            "" | select-object `
                            @{N = "ComputerName"; E = { $computerName } },
                            @{N = "Key"; E = { "$($HiveName):\$subkeyPath" } },
                            @{N = "Value"; E = {} },
                            @{N = "Data"; E = {} }
                            $matchCount.Value++
                        }
                    }
                    else {
                        if ($MatchKey -and ($keyName -match $Pattern)) {
                            "" | select-object `
                            @{N = "ComputerName"; E = { $computerName } },
                            @{N = "Key"; E = { "$($HiveName):\$subkeyPath" } },
                            @{N = "Value"; E = {} },
                            @{N = "Data"; E = {} }
                            $matchCount.Value++
                        }
                    }
                    # $matchCount is a reference
                    search-registrykey $computerName $rootKey $subkeyPath $matchCount
                    if ($matchCount.Value -eq $MaximumMatches) { break }
                }
            }

            # Close opened subkey
            $subKey.Close()
        }

        # Core function opens the registry on a computer and initiates searching
        function search-registry2($computerName) {
            # Write error and return if unable to open the key on the computer
            try {
                $rootKey = [Microsoft.Win32.RegistryKey]::OpenRemoteBaseKey($Hive, $computerName)
            }
            catch [System.Management.Automation.MethodInvocationException] {
                $message = $_.Exception.Message
                write-error "$message - $computerName"
                return
            }
            # $matchCount is per computer; pass to recursive function as reference
            $matchCount = 0
            search-registrykey $computerName $rootKey $StartPath ([Ref] $matchCount)
            $rootKey.Close()
        }
    }

    process {
        if ($PIPELINEINPUT) {
            search-registry2 $_
        }
        else {
            $ComputerName | foreach-object {
                search-registry2 $_
            }
        }
    }
}

Remove-Variable x86, x64, uninstallString -ErrorAction SilentlyContinue
$x84 = (Search-Registry -StartKey HKLM:\SOFTWARE\WOW6432Node\Microsoft\Windows\CurrentVersion\Uninstall -Pattern "^UniversalForwarder.*$" -MatchData).Key | select -First 1 | Get-ItemProperty -ea 0
$x64 = (Search-Registry -StartKey HKLM:\SOFTWARE\Microsoft\Windows\CurrentVersion\Uninstall -Pattern "^UniversalForwarder.*$" -MatchData).Key | select -First 1 | Get-ItemProperty -ea 0

if (-not($null -eq $x64)) {
    if ([version]$x64.DisplayVersion -eq [version]"$Version") {
        return $true
    }
}
else{
    if ([version]$x84.DisplayVersion -eq [version]"$Version") {
        return $true
    }
}</DetectionMethod>
			<RequirementsRules>
				<RequirementsRule>
					<RequirementsRuleType>Existential</RequirementsRuleType>
					<RequirementsRuleValue>
						<RuleValue>True</RuleValue>
					</RequirementsRuleValue>
					<RequirementsRuleGlobalCondition>AutoPackage - OSArchitecture x64</RequirementsRuleGlobalCondition>
				</RequirementsRule>
			</RequirementsRules>
		</DeploymentType>
	</DeploymentTypes>
	<Distribution>
		<DistributeContent>True</DistributeContent>
		<DistributeToGroup>Source DPs,CMG</DistributeToGroup>
	</Distribution>
	<Supersedence>
		<Supersedence>True</Supersedence>
		<Uninstall>False</Uninstall>
	</Supersedence>
	<Deployment>
		<DeploySoftware>True</DeploySoftware>
		<DeploymentCollection>CCEA Team</DeploymentCollection>
	</Deployment>
</ApplicationDef>